,clone_id,clone_id_by_size,locus_VDJ,locus_VJ,productive_VDJ,productive_VJ,v_call_VDJ,d_call_VDJ,j_call_VDJ,v_call_VJ,j_call_VJ,c_call_VDJ,c_call_VJ,junction_VDJ,junction_VJ,junction_aa_VDJ,junction_aa_VJ,v_call_B_VDJ,d_call_B_VDJ,j_call_B_VDJ,v_call_B_VJ,j_call_B_VJ,c_call_B_VDJ,c_call_B_VJ,productive_B_VDJ,productive_B_VJ,umi_count_B_VDJ,umi_count_B_VJ,v_call_VDJ_main,v_call_VJ_main,d_call_VDJ_main,j_call_VDJ_main,j_call_VJ_main,c_call_VDJ_main,c_call_VJ_main,v_call_B_VDJ_main,d_call_B_VDJ_main,j_call_B_VDJ_main,v_call_B_VJ_main,j_call_B_VJ_main,isotype,isotype_status,locus_status,chain_status,rearrangement_status_VDJ,rearrangement_status_VJ,clone_id_size,clone_id_size_max_3
mosaic_8b_AAACCCCAGCTAGTGC,B_VDJ_51_1_1_VJ_22_1_1,10,IGH,IGK,T,T,IGHV1-74,None,IGHJ4,IGKV8-28,IGKJ5,"IGHG1,IGHG3",IGKC,TGTGTAACCGGCTATTACTATACTATGGACTACTGG,TGTCAGAATGATCATAGTTATCCGCTCACGTTC,CVTGYYYTMDYW,CQNDHSYPLTF,IGHV1-74,None,IGHJ4,IGKV8-28,IGKJ5,"IGHG1,IGHG3",IGKC,T,T,26.0,47.0,IGHV1-74,IGKV8-28,None,IGHJ4,IGKJ5,"IGHG1,IGHG3",IGKC,IGHV1-74,None,IGHJ4,IGKV8-28,IGKJ5,IgG,IgG,IGH + IGK,Single pair,standard,standard,4.0,>= 3
mosaic_8b_AAATCAACAACTTTAG,B_VDJ_27_1_3_VJ_11_1_1,128,IGH,IGK,T,T,IGHV1-74,"IGHD2-5,IGHD2-6",IGHJ2,IGKV3-12,IGKJ2,IGHM,IGKC,TGTGCAATGGGCTATAGTAATTACTTTGACTGCTGG,TGTCAGCACAGTAGGGAGCTTCCGTACACGTTC,CAMGYSNYFDCW,CQHSRELPYTF,IGHV1-74,"IGHD2-5,IGHD2-6",IGHJ2,IGKV3-12,IGKJ2,IGHM,IGKC,T,T,80.0,127.0,IGHV1-74,IGKV3-12,"IGHD2-5,IGHD2-6",IGHJ2,IGKJ2,IGHM,IGKC,IGHV1-74,"IGHD2-5,IGHD2-6",IGHJ2,IGKV3-12,IGKJ2,IgM,IgM,IGH + IGK,Single pair,standard,standard,1.0,1
mosaic_8b_AAATGTCTCAGGAAAC,B_VDJ_27_1_1_VJ_24_1_4,12,IGH,IGK,T,T,IGHV1-74,IGHD1-1,IGHJ2,IGKV10-94,IGKJ2,None,IGKC,TGTGCAATGGGCTACGGTAGTGGCTTTGACTACTGG,TGTCAGCAGTATAGTAAACTTCCGTTCACGTTC,CAMGYGSGFDYW,CQQYSKLPFTF,IGHV1-74,IGHD1-1,IGHJ2,IGKV10-94,IGKJ2,None,IGKC,T,T,19.0,45.0,IGHV1-74,IGKV10-94,IGHD1-1,IGHJ2,IGKJ2,None,IGKC,IGHV1-74,IGHD1-1,IGHJ2,IGKV10-94,IGKJ2,None,None,IGH + IGK,Single pair,standard,standard,4.0,>= 3
mosaic_8b_AACGTATTCCATAACG,B_VDJ_7_1_1_VJ_64_1_1,72,IGH,IGK,T,T,IGHV1-53,IGHD3-2,IGHJ4,IGKV17-121,IGKJ5,IGHM,IGKC,TGTGCAAGCCCGAGGCAGCTCAGGCCCCATTACTATGCTATGGACTACTGG,TGTTTGCAAAGTGATAACTTGCCGCTCACGTTC,CASPRQLRPHYYAMDYW,CLQSDNLPLTF,IGHV1-53,IGHD3-2,IGHJ4,IGKV17-121,IGKJ5,IGHM,IGKC,T,T,22.0,67.0,IGHV1-53,IGKV17-121,IGHD3-2,IGHJ4,IGKJ5,IGHM,IGKC,IGHV1-53,IGHD3-2,IGHJ4,IGKV17-121,IGKJ5,IgM,IgM,IGH + IGK,Single pair,standard,standard,1.0,1
mosaic_8b_AACGTGCTCCGGGTCA,B_VDJ_8_1_1_VJ_17_1_1,17,IGH,IGK,T,T,IGHV1-7,IGHD2-3,IGHJ2,IGKV2-137,IGKJ5,"IGHG1,IGHG3",IGKC,TGTGCAAGAGAGGTGTCCTATGATGGTCCTTTTGACCACTGG,TGTATACAACATCTAGAATATCCTTTCACGTTC,CAREVSYDGPFDHW,CIQHLEYPFTF,IGHV1-7,IGHD2-3,IGHJ2,IGKV2-137,IGKJ5,"IGHG1,IGHG3",IGKC,T,T,41.0,56.0,IGHV1-7,IGKV2-137,IGHD2-3,IGHJ2,IGKJ5,"IGHG1,IGHG3",IGKC,IGHV1-7,IGHD2-3,IGHJ2,IGKV2-137,IGKJ5,IgG,IgG,IGH + IGK,Single pair,standard,standard,3.0,>= 3
mosaic_8b_AACGTTTAGCATGCGT,B_VJ_37_1_1,75,None,IGK,None,T,None,None,None,IGKV3-2,IGKJ1,None,IGKC,None,TGTCAGCAAAGTAAGGAGGTTCCGTGGACGTTC,None,CQQSKEVPWTF,None,None,None,IGKV3-2,IGKJ1,None,IGKC,None,T,,5.0,None,IGKV3-2,None,None,IGKJ1,None,IGKC,None,None,None,IGKV3-2,IGKJ1,,,Orphan IGK,Orphan VJ,None,standard,1.0,1
mosaic_8b_AAGCAAATCGTGGCAT,B_VDJ_55_3_6_VJ_72_1_1,7,IGH,IGK,T,T,IGHV14-3,IGHD1-1,IGHJ4,IGKV15-103,IGKJ1,"IGHG1,IGHG3",IGKC,TGTCTTACTACTATGGTCCCCTTTGCTTTGGACTACTGG,TGTCAACAGGGTCAAAGTTATCCGTGGACGTTC,CLTTMVPFALDYW,CQQGQSYPWTF,IGHV14-3,IGHD1-1,IGHJ4,IGKV15-103,IGKJ1,"IGHG1,IGHG3",IGKC,T,T,14.0,69.0,IGHV14-3,IGKV15-103,IGHD1-1,IGHJ4,IGKJ1,"IGHG1,IGHG3",IGKC,IGHV14-3,IGHD1-1,IGHJ4,IGKV15-103,IGKJ1,IgG,IgG,IGH + IGK,Single pair,standard,standard,5.0,>= 3
mosaic_8b_AAGCTATTCATGAATC,B_VDJ_62_1_1_VJ_66_1_1,52,IGH,IGK,T,T,IGHV2-5,IGHD5,IGHJ1,IGKV13-85,IGKJ5,"IGHG1,IGHG3",IGKC,TGTGCCAAAACGTTATACTACGATAGCGGGTGGTACTTCGATGTCTGG,TGTCAACAATATTGGAGGAGTCCGCTCACGTTC,CAKTLYYDSGWYFDVW,CQQYWRSPLTF,IGHV2-5,IGHD5,IGHJ1,IGKV13-85,IGKJ5,"IGHG1,IGHG3",IGKC,T,T,23.0,48.0,IGHV2-5,IGKV13-85,IGHD5,IGHJ1,IGKJ5,"IGHG1,IGHG3",IGKC,IGHV2-5,IGHD5,IGHJ1,IGKV13-85,IGKJ5,IgG,IgG,IGH + IGK,Single pair,standard,standard,1.0,1
mosaic_8b_AAGCTTCCAGTGATTC,B_VDJ_15_1_8_VJ_69_2_6,3,IGH,IGK,T,T,IGHV1-52,None,IGHJ4,IGKV6-15,IGKJ1,"IGHG1,IGHG3",IGKC,TGTGCAAGATCGGCAGGACAGCAGTTTTTTATGGACTACTGG,TGTCAGCAATATTACAGCTATCCTCTAACGTTC,CARSAGQQFFMDYW,CQQYYSYPLTF,IGHV1-52,None,IGHJ4,IGKV6-15,IGKJ1,"IGHG1,IGHG3",IGKC,T,T,3.0,5.0,IGHV1-52,IGKV6-15,None,IGHJ4,IGKJ1,"IGHG1,IGHG3",IGKC,IGHV1-52,None,IGHJ4,IGKV6-15,IGKJ1,IgG,IgG,IGH + IGK,Single pair,standard,standard,9.0,>= 3
mosaic_8b_AAGGGTTAGCTCGAAC,B_VDJ_13_2_1_VJ_67_1_1,54,IGH,IGK,T,T,IGHV1-64,IGHD1-1,IGHJ1,IGKV5-48,IGKJ4,"IGHG1,IGHG3",IGKC,TGTGCAAGATTGGCTACGGTAGTGAGGGGGTACTTCGATGTCTGG,TGTCAACAAAGTGATAGGTGGCCACTCACGTTC,CARLATVVRGYFDVW,CQQSDRWPLTF,IGHV1-64,IGHD1-1,IGHJ1,IGKV5-48,IGKJ4,"IGHG1,IGHG3",IGKC,T,T,8.0,82.0,IGHV1-64,IGKV5-48,IGHD1-1,IGHJ1,IGKJ4,"IGHG1,IGHG3",IGKC,IGHV1-64,IGHD1-1,IGHJ1,IGKV5-48,IGKJ4,IgG,IgG,IGH + IGK,Single pair,standard,standard,1.0,1
mosaic_8b_AAGTGTCGTAAGTGCT,B_VJ_32_1_1,57,None,IGK,None,T,None,None,None,IGKV3-12,IGKJ5,None,IGKC,None,TGTCAGCACAGTAGGGAGCTTCCGCTCACGTTC,None,CQHSRELPLTF,None,None,None,IGKV3-12,IGKJ5,None,IGKC,None,T,,49.0,None,IGKV3-12,None,None,IGKJ5,None,IGKC,None,None,None,IGKV3-12,IGKJ5,,,Orphan IGK,Orphan VJ,None,standard,1.0,1
mosaic_8b_AATACAACAATGTGTC,B_VDJ_36_1_1_VJ_32_1_1,2,IGH,IGK,T,T,IGHV1-74,IGHD2-6,IGHJ3,IGKV3-12,IGKJ5,None,IGKC,TGTGTAATGACCTACTATAGTAACTACGGTTTTGCTTACTGG,TGTCAGCACAGTAGGGAGCTTCCGCTCACGTTC,CVMTYYSNYGFAYW,CQHSRELPLTF,IGHV1-74,IGHD2-6,IGHJ3,IGKV3-12,IGKJ5,None,IGKC,T,T,12.0,67.0,IGHV1-74,IGKV3-12,IGHD2-6,IGHJ3,IGKJ5,None,IGKC,IGHV1-74,IGHD2-6,IGHJ3,IGKV3-12,IGKJ5,None,None,IGH + IGK,Single pair,standard,standard,9.0,>= 3
mosaic_8b_AATGTGCGTCCGCTAT,B_VJ_4_1_1,117,None,IGK,None,T,None,None,None,IGKV4-57-1,IGKJ2,None,IGKC,None,TGCCAGCAGTACAGTGGTTACCCGTACACGTTC,None,CQQYSGYPYTF,None,None,None,IGKV4-57-1,IGKJ2,None,IGKC,None,T,,38.0,None,IGKV4-57-1,None,None,IGKJ2,None,IGKC,None,None,None,IGKV4-57-1,IGKJ2,,,Orphan IGK,Orphan VJ,None,standard,1.0,1
mosaic_8b_AATTATGTCATACTCC,B_VDJ_61_1_3_VJ_62_1_1,16,IGH,IGK,T,T,IGHV8-12,None,IGHJ1,IGKV6-20,IGKJ5,"IGHG1,IGHG3",IGKC,TGTGTTCGAAAGGGGAACTACTACTGGTACCTCGATGTCTGG,TGTGGACAGAGTTACAGCTATCCGCTCACGTTC,CVRKGNYYWYLDVW,CGQSYSYPLTF,IGHV8-12,None,IGHJ1,IGKV6-20,IGKJ5,"IGHG1,IGHG3",IGKC,T,T,34.0,190.0,IGHV8-12,IGKV6-20,None,IGHJ1,IGKJ5,"IGHG1,IGHG3",IGKC,IGHV8-12,None,IGHJ1,IGKV6-20,IGKJ5,IgG,IgG,IGH + IGK,Single pair,standard,standard,3.0,>= 3
mosaic_8b_ACAAGTAAGATCTTCC,B_VDJ_58_1_5_VJ_50_1_1,8,IGH,IGK,T,T,IGHV2-3,IGHD1-1,IGHJ1,IGKV4-91,IGKJ5,"IGHG1,IGHG3",IGKC,TGTGCCAAATCGGCTAATTACTATGAGAATACCTACTGGTATTTCGATGTCTGG,TGCCAGCAGGGAAGTGGTATACCCACGTTC,CAKSANYYENTYWYFDVW,CQQGSGIPTF,IGHV2-3,IGHD1-1,IGHJ1,IGKV4-91,IGKJ5,"IGHG1,IGHG3",IGKC,T,T,24.0,104.0,IGHV2-3,IGKV4-91,IGHD1-1,IGHJ1,IGKJ5,"IGHG1,IGHG3",IGKC,IGHV2-3,IGHD1-1,IGHJ1,IGKV4-91,IGKJ5,IgG,IgG,IGH + IGK,Single pair,standard,standard,4.0,>= 3
mosaic_8b_ACAATACTCAGTTGTG,B_VJ_15_1_1,34,None,IGK,None,T,None,None,None,IGKV8-30,IGKJ2,None,IGKC,None,TGTCAGCAATATTATAACTATCCGTACACGTTC,None,CQQYYNYPYTF,None,None,None,IGKV8-30,IGKJ2,None,IGKC,None,T,,55.0,None,IGKV8-30,None,None,IGKJ2,None,IGKC,None,None,None,IGKV8-30,IGKJ2,,,Orphan IGK,Orphan VJ,None,standard,2.0,2
mosaic_8b_ACAATACTCCCATTAC,B_VDJ_28_1_1_VJ_1_1_1,125,IGH,IGK,T,T,IGHV1-55,IGHD4-1,IGHJ4,IGKV10-96,IGKJ4,IGHM,IGKC,TGTGCAAGAGGACTAACTGGGACCCTTTACTATGCTATGGACTACTGG,TGCCAACAGGGTAATACGCTTCCATTCACGTTC,CARGLTGTLYYAMDYW,CQQGNTLPFTF,IGHV1-55,IGHD4-1,IGHJ4,IGKV10-96,IGKJ4,IGHM,IGKC,T,T,28.0,76.0,IGHV1-55,IGKV10-96,IGHD4-1,IGHJ4,IGKJ4,IGHM,IGKC,IGHV1-55,IGHD4-1,IGHJ4,IGKV10-96,IGKJ4,IgM,IgM,IGH + IGK,Single pair,standard,standard,1.0,1
mosaic_8b_ACAATGGCAAGAGAGG,B_VDJ_27_1_4_VJ_11_1_1,131,IGH,IGK,T,T,IGHV1-74,None,IGHJ2,IGKV3-12,IGKJ2,None,IGKC,TGTGCAATGGGCTTTGGTAACTACTTTGACTACTGG,TGTCAGCACAGTAGGGAGCTTCCGTACACGTTC,CAMGFGNYFDYW,CQHSRELPYTF,IGHV1-74,None,IGHJ2,IGKV3-12,IGKJ2,None,IGKC,T,T,34.0,72.0,IGHV1-74,IGKV3-12,None,IGHJ2,IGKJ2,None,IGKC,IGHV1-74,None,IGHJ2,IGKV3-12,IGKJ2,None,None,IGH + IGK,Single pair,standard,standard,1.0,1
mosaic_8b_ACACAGACACTATCCC,B_VDJ_61_1_3_VJ_62_1_2,132,IGH,IGK,T,T,IGHV8-12,None,IGHJ1,IGKV6-20,IGKJ5,"IGHG1,IGHG3",IGKC,TGTGCTCGAAAGGGGAACTACTACTGGTACCTCGATGTCTGG,TGTGGACAGAATTACAACTATCCGCTCACGTTC,CARKGNYYWYLDVW,CGQNYNYPLTF,IGHV8-12,None,IGHJ1,IGKV6-20,IGKJ5,"IGHG1,IGHG3",IGKC,T,T,8.0,46.0,IGHV8-12,IGKV6-20,None,IGHJ1,IGKJ5,"IGHG1,IGHG3",IGKC,IGHV8-12,None,IGHJ1,IGKV6-20,IGKJ5,IgG,IgG,IGH + IGK,Single pair,standard,standard,1.0,1
mosaic_8b_ACACGCCCACACTCAG,B_VDJ_26_1_1_VJ_8_1_1,133,IGH,IGK,T,T,IGHV1-80,IGHD1-1,IGHJ3,IGKV8-28,IGKJ2,"IGHG1,IGHG3",IGKC,TGTGCAAGATATCCTTATTACTACGGTAGTAGCTACTTTGCTTACTGG,TGTCAGAATGATCATAGTTATCCGTACACGTTC,CARYPYYYGSSYFAYW,CQNDHSYPYTF,IGHV1-80,IGHD1-1,IGHJ3,IGKV8-28,IGKJ2,"IGHG1,IGHG3",IGKC,T,T,45.0,187.0,IGHV1-80,IGKV8-28,IGHD1-1,IGHJ3,IGKJ2,"IGHG1,IGHG3",IGKC,IGHV1-80,IGHD1-1,IGHJ3,IGKV8-28,IGKJ2,IgG,IgG,IGH + IGK,Single pair,standard,standard,1.0,1
mosaic_8b_ACAGCGTTCGGTTGTA,B_VDJ_15_1_8_VJ_69_2_6,3,IGH,IGK,T,T,IGHV1-52,None,IGHJ4,IGKV6-15,IGKJ1,"IGHG1,IGHG3",IGKC,TGTGCAAGATCGGCAGGACAGCAGTTTTTTATGGACTACTGG,TGTCAGCAATATTACAGCTATCCTCTAACGTTC,CARSAGQQFFMDYW,CQQYYSYPLTF,IGHV1-52,None,IGHJ4,IGKV6-15,IGKJ1,"IGHG1,IGHG3",IGKC,T,T,3.0,36.0,IGHV1-52,IGKV6-15,None,IGHJ4,IGKJ1,"IGHG1,IGHG3",IGKC,IGHV1-52,None,IGHJ4,IGKV6-15,IGKJ1,IgG,IgG,IGH + IGK,Single pair,standard,standard,9.0,>= 3
mosaic_8b_ACAGGACCAATACCCG,B_VDJ_40_1_1_VJ_53_1_1|B_VDJ_40_1_1_VJ_65_1_1|B_VDJ_57_1_1_VJ_53_1_1|B_VDJ_57_1_1_VJ_65_1_1,111|113|134|89,IGH|IGH,IGK|IGK,T|T,T|T,IGHV1-49|IGHV14-4,None,IGHJ4|IGHJ4,IGKV8-30|IGKV14-111,IGKJ1|IGKJ1,"IGHG1,IGHG3|IGHG1,IGHG3",IGKC|IGKC,TGTGCAAGAGACTTTATGGGTGCTATGGACTACTGG|TGTACTACATTACCCTATACTAACTACGTTGTAGCTATGGACTACTGG,TGTCAGCAATTTTATAGCTATCCTCGGACGTTC|TGTCTACAGTATGATGAGTTTCCTCGGACGTTC,CARDFMGAMDYW|CTTLPYTNYVVAMDYW,CQQFYSYPRTF|CLQYDEFPRTF,IGHV1-49|IGHV14-4,None,IGHJ4|IGHJ4,IGKV8-30|IGKV14-111,IGKJ1|IGKJ1,"IGHG1,IGHG3|IGHG1,IGHG3",IGKC|IGKC,T|T,T|T,34.0,198.0,IGHV1-49,IGKV8-30,None,IGHJ4,IGKJ1,"IGHG1,IGHG3",IGKC,IGHV1-49,None,IGHJ4,IGKV8-30,IGKJ1,IgG|IgG,Multi,Extra VDJ + Extra VJ,Extra pair,standard,standard,1.0,1
mosaic_8b_ACATGCTCAAGGCGCA,B_VDJ_36_1_1_VJ_32_1_1,2,IGH,IGK,T,T,IGHV1-74,"IGHD2-5,IGHD2-6",IGHJ3,IGKV3-12,IGKJ5,None,IGKC,TGTGTAATGACCAACTATAGTAACTACGGTTTTGCTTACTGG,TGTCAGCACAGTAGGGAGCTTCCGCTCACGTTC,CVMTNYSNYGFAYW,CQHSRELPLTF,IGHV1-74,"IGHD2-5,IGHD2-6",IGHJ3,IGKV3-12,IGKJ5,None,IGKC,T,T,15.0,26.0,IGHV1-74,IGKV3-12,"IGHD2-5,IGHD2-6",IGHJ3,IGKJ5,None,IGKC,IGHV1-74,"IGHD2-5,IGHD2-6",IGHJ3,IGKV3-12,IGKJ5,None,None,IGH + IGK,Single pair,standard,standard,9.0,>= 3
mosaic_8b_ACCCCTGGTGGGTGCT,B_VDJ_12_1_1_VJ_70_2_1,103,IGH,IGK,T,T,IGHV1-26,None,IGHJ1,IGKV5-43,IGKJ5,IGHM,IGKC,TGTGCAAGTCACTACCCGTACTTCGATGTCTGG,TGTCAACAGAGTAACAGCTGGCCTCACACGTTC,CASHYPYFDVW,CQQSNSWPHTF,IGHV1-26,None,IGHJ1,IGKV5-43,IGKJ5,IGHM,IGKC,T,T,48.0,111.0,IGHV1-26,IGKV5-43,None,IGHJ1,IGKJ5,IGHM,IGKC,IGHV1-26,None,IGHJ1,IGKV5-43,IGKJ5,IgM,IgM,IGH + IGK,Single pair,standard,standard,1.0,1
mosaic_8b_ACGAAGCCACCGCTAA,B_VDJ_15_1_7_VJ_69_2_6,4,IGH,IGK,T,T,IGHV1-52,None,IGHJ4,IGKV6-15,IGKJ1,"IGHG1,IGHG3",IGKC,TGTGCAAGATCGGGAGGGCAGCAGTTTTTTATGGACTACTGG,TGTCAGCAATATTACAGCTATCCTCTAACGTTC,CARSGGQQFFMDYW,CQQYYSYPLTF,IGHV1-52,None,IGHJ4,IGKV6-15,IGKJ1,"IGHG1,IGHG3",IGKC,T,T,5.0,52.0,IGHV1-52,IGKV6-15,None,IGHJ4,IGKJ1,"IGHG1,IGHG3",IGKC,IGHV1-52,None,IGHJ4,IGKV6-15,IGKJ1,IgG,IgG,IGH + IGK,Single pair,standard,standard,7.0,>= 3
mosaic_8b_ACGCGCGGTGGCGCTG,B_VJ_71_1_5,1,None,IGK,None,T,None,None,None,IGKV4-55,IGKJ5,None,IGKC,None,TGCCAGCAGTGGAATAGTTACCCGCTCACGTTC,None,CQQWNSYPLTF,None,None,None,IGKV4-55,IGKJ5,None,IGKC,None,T,,4.0,None,IGKV4-55,None,None,IGKJ5,None,IGKC,None,None,None,IGKV4-55,IGKJ5,,,Orphan IGK,Orphan VJ,None,standard,25.0,>= 3
mosaic_8b_ACGTCCGAGATGTATC,B_VDJ_58_1_5_VJ_50_1_1,8,IGH,IGK,T,T,IGHV2-3,None,IGHJ1,IGKV4-91,IGKJ5,"IGHG1,IGHG3",IGKC,TGTGCCAAATCGGCTAATTATAACGATAATACCTACTGGTATTTCGATGTCTGG,TGCCAGCAGGGAAGTGGTATACCCACGTTC,CAKSANYNDNTYWYFDVW,CQQGSGIPTF,IGHV2-3,None,IGHJ1,IGKV4-91,IGKJ5,"IGHG1,IGHG3",IGKC,T,T,22.0,25.0,IGHV2-3,IGKV4-91,None,IGHJ1,IGKJ5,"IGHG1,IGHG3",IGKC,IGHV2-3,None,IGHJ1,IGKV4-91,IGKJ5,IgG,IgG,IGH + IGK,Single pair,standard,standard,4.0,>= 3
mosaic_8b_ACGTGTCAGATGCCAC,B_VDJ_5_1_1_VJ_51_1_1,104,IGH,IGK,T,T,IGHV1-69,None,IGHJ3,IGKV1-135,IGKJ1,None,IGKC,TGTGCAATACTGGGCTTTGCTTACTGG,TGCTGGCAAGGTACACATTTTCCTCAGACGTTC,CAILGFAYW,CWQGTHFPQTF,IGHV1-69,None,IGHJ3,IGKV1-135,IGKJ1,None,IGKC,T,T,4.0,29.0,IGHV1-69,IGKV1-135,None,IGHJ3,IGKJ1,None,IGKC,IGHV1-69,None,IGHJ3,IGKV1-135,IGKJ1,None,None,IGH + IGK,Single pair,standard,standard,1.0,1
mosaic_8b_ACGTTCGCAATCGTCG,B_VDJ_1_1_1_VJ_15_1_1,33,IGH,IGK,T,T,IGHV2-9-1,"IGHD1-1,IGHD1-2",IGHJ2,IGKV8-30,IGKJ2,"IGHG1,IGHG3",IGKC,TGTACCAGAAATAGCGAGGAACATTACTACGGTTACTTTGACTACTGG,TGTCAGCAATATTATAACTATCCGTACACGTTC,CTRNSEEHYYGYFDYW,CQQYYNYPYTF,IGHV2-9-1,"IGHD1-1,IGHD1-2",IGHJ2,IGKV8-30,IGKJ2,"IGHG1,IGHG3",IGKC,T,T,13.0,110.0,IGHV2-9-1,IGKV8-30,"IGHD1-1,IGHD1-2",IGHJ2,IGKJ2,"IGHG1,IGHG3",IGKC,IGHV2-9-1,"IGHD1-1,IGHD1-2",IGHJ2,IGKV8-30,IGKJ2,IgG,IgG,IGH + IGK,Single pair,standard,standard,2.0,2
mosaic_8b_ACTCCATTCCAAGTAT,B_VDJ_55_3_6,108,IGH,None,T,None,IGHV14-3,IGHD1-1,IGHJ4,None,None,"IGHG1,IGHG3",None,TGTCTTACTACTATGGTCCCCTTTGCTTTGGACTACTGG,None,CLTTMVPFALDYW,None,IGHV14-3,IGHD1-1,IGHJ4,None,None,"IGHG1,IGHG3",None,T,None,3.0,,IGHV14-3,None,IGHD1-1,IGHJ4,None,"IGHG1,IGHG3",None,IGHV14-3,IGHD1-1,IGHJ4,None,None,IgG,IgG,Orphan IGH,Orphan VDJ,standard,None,1.0,1
mosaic_8b_ACTCGATCAAGCTGGG,B_VDJ_15_1_8_VJ_69_2_6,3,IGH,IGK,T,T,IGHV1-52,None,IGHJ4,IGKV6-15,IGKJ1,"IGHG1,IGHG3",IGKC,TGTGGAAGATCGGCAGGACAACACTTTTTTATGGACTACTGG,TGTCAACAATATTACAGCTATCCTCTAACGTTC,CGRSAGQHFFMDYW,CQQYYSYPLTF,IGHV1-52,None,IGHJ4,IGKV6-15,IGKJ1,"IGHG1,IGHG3",IGKC,T,T,6.0,103.0,IGHV1-52,IGKV6-15,None,IGHJ4,IGKJ1,"IGHG1,IGHG3",IGKC,IGHV1-52,None,IGHJ4,IGKV6-15,IGKJ1,IgG,IgG,IGH + IGK,Single pair,standard,standard,9.0,>= 3
mosaic_8b_ACTCTCGTCCTAAACG,B_VDJ_15_1_7_VJ_69_2_4,99,IGH,IGK,T,T,IGHV1-52,None,IGHJ4,IGKV6-15,IGKJ1,"IGHG1,IGHG3",IGKC,TGTGCACGATCGGGAGGGCAGCAGTTTTTTATGGACTACTGG,TGTCAGCAGTATTACAGCTATCCTCTAACGTGC,CARSGGQQFFMDYW,CQQYYSYPLTC,IGHV1-52,None,IGHJ4,IGKV6-15,IGKJ1,"IGHG1,IGHG3",IGKC,T,T,20.0,155.0,IGHV1-52,IGKV6-15,None,IGHJ4,IGKJ1,"IGHG1,IGHG3",IGKC,IGHV1-52,None,IGHJ4,IGKV6-15,IGKJ1,IgG,IgG,IGH + IGK,Single pair,standard,standard,1.0,1
mosaic_8b_ACTGCGCCAAAGGCCG,B_VJ_71_1_5,1,None,IGK,None,T,None,None,None,IGKV4-55,IGKJ5,None,IGKC,None,TGCCAGCAGTGGAATAGTTACCCGCTCACGTTC,None,CQQWNSYPLTF,None,None,None,IGKV4-55,IGKJ5,None,IGKC,None,T,,64.0,None,IGKV4-55,None,None,IGKJ5,None,IGKC,None,None,None,IGKV4-55,IGKJ5,,,Orphan IGK,Orphan VJ,None,standard,25.0,>= 3
mosaic_8b_ACTGGGGCAATCAGTC,B_VDJ_58_1_7_VJ_50_1_1,27,IGH,IGK,T,T,IGHV2-3,IGHD5,IGHJ1,IGKV4-91,IGKJ5,"IGHG1,IGHG3",IGKC,TGTGTCAGAACGGCTCATCACTACGATAATATGTACTGGTATTTCGATGTCTGG,TGCCAGCAGGGAAGTGGTATGCCCACGTTC,CVRTAHHYDNMYWYFDVW,CQQGSGMPTF,IGHV2-3,IGHD5,IGHJ1,IGKV4-91,IGKJ5,"IGHG1,IGHG3",IGKC,T,T,20.0,63.0,IGHV2-3,IGKV4-91,IGHD5,IGHJ1,IGKJ5,"IGHG1,IGHG3",IGKC,IGHV2-3,IGHD5,IGHJ1,IGKV4-91,IGKJ5,IgG,IgG,IGH + IGK,Single pair,standard,standard,2.0,2
mosaic_8b_ACTTCAACAAGTCTCG,B_VDJ_37_1_1_VJ_44_1_1,35,IGH,IGK,T,T,IGHV1-26,None,IGHJ2,IGKV4-90,IGKJ2,IGHM,IGKC,TGTGCAAGAGATAGCTACTACTTTGACTACTGG,TGTCAGCAAAGGAGTAGTTACCCATACACGTTC,CARDSYYFDYW,CQQRSSYPYTF,IGHV1-26,None,IGHJ2,IGKV4-90,IGKJ2,IGHM,IGKC,T,T,35.0,42.0,IGHV1-26,IGKV4-90,None,IGHJ2,IGKJ2,IGHM,IGKC,IGHV1-26,None,IGHJ2,IGKV4-90,IGKJ2,IgM,IgM,IGH + IGK,Single pair,standard,standard,1.0,1
mosaic_8b_ACTTCTGGTCTGCATC,B_VDJ_52_1_1_VJ_34_1_1,31,IGH,IGK,T,T,IGHV1-4,IGHD5,IGHJ2,IGKV1-132,IGKJ2,None,IGKC,TGTGCAAGATCGGACTATAATAACTACGAGGTCTACTTTGACTACTGG,TGCTTCCAAGGTACATATTATCCTCACACGTTC,CARSDYNNYEVYFDYW,CFQGTYYPHTF,IGHV1-4,IGHD5,IGHJ2,IGKV1-132,IGKJ2,None,IGKC,T,T,19.0,146.0,IGHV1-4,IGKV1-132,IGHD5,IGHJ2,IGKJ2,None,IGKC,IGHV1-4,IGHD5,IGHJ2,IGKV1-132,IGKJ2,None,None,IGH + IGK,Single pair,standard,standard,2.0,2
mosaic_8b_ACTTTCCAGAGCCGTT,B_VDJ_27_1_1_VJ_24_1_4,12,IGH,IGK,T,T,IGHV1-74,IGHD1-1,IGHJ2,IGKV10-94,IGKJ2,None,IGKC,TGTGCAATGGGCTACGGTAGTGGCTTTGACTACTGG,TGTCAGCAGTATAGTAAACTTCCGTACACGTTC,CAMGYGSGFDYW,CQQYSKLPYTF,IGHV1-74,IGHD1-1,IGHJ2,IGKV10-94,IGKJ2,None,IGKC,T,T,26.0,116.0,IGHV1-74,IGKV10-94,IGHD1-1,IGHJ2,IGKJ2,None,IGKC,IGHV1-74,IGHD1-1,IGHJ2,IGKV10-94,IGKJ2,None,None,IGH + IGK,Single pair,standard,standard,4.0,>= 3
mosaic_8b_AGAGGCGGTCGTCGGG,B_VJ_60_1_1,109,None,IGK,None,T,None,None,None,IGKV1-117,IGKJ1,None,IGKC,None,TGCTTTCAAGGTTCACATGTTCCGTGGACGTTC,None,CFQGSHVPWTF,None,None,None,IGKV1-117,IGKJ1,None,IGKC,None,T,,5.0,None,IGKV1-117,None,None,IGKJ1,None,IGKC,None,None,None,IGKV1-117,IGKJ1,,,Orphan IGK,Orphan VJ,None,standard,1.0,1
mosaic_8b_AGAGGTAGTCATAAGC,B_VDJ_15_1_7_VJ_69_2_7,11,IGH,IGK,T,T,IGHV1-52,None,IGHJ4,IGKV6-15,IGKJ1,"IGHG1,IGHG3",IGKC,TGTGCAAGATCGGGAGGGCAGCAGTTTTTTATGGACTACTGG,TGTCAGCAATTTTACAGCTATCCTCTAACGTTC,CARSGGQQFFMDYW,CQQFYSYPLTF,IGHV1-52,None,IGHJ4,IGKV6-15,IGKJ1,"IGHG1,IGHG3",IGKC,T,T,7.0,121.0,IGHV1-52,IGKV6-15,None,IGHJ4,IGKJ1,"IGHG1,IGHG3",IGKC,IGHV1-52,None,IGHJ4,IGKV6-15,IGKJ1,IgG,IgG,IGH + IGK,Single pair,standard,standard,4.0,>= 3
mosaic_8b_AGCAAGTAGCTCGATA,B_VJ_69_2_6,22,None,IGK,None,T,None,None,None,IGKV6-15,IGKJ1,None,IGKC,None,TGTCAGCAATATTACAGCTATCCTCTAACGTTC,None,CQQYYSYPLTF,None,None,None,IGKV6-15,IGKJ1,None,IGKC,None,T,,75.0,None,IGKV6-15,None,None,IGKJ1,None,IGKC,None,None,None,IGKV6-15,IGKJ1,,,Orphan IGK,Orphan VJ,None,standard,2.0,2
mosaic_8b_AGCACGTTCACGGTGT,B_VDJ_55_3_6_VJ_72_1_1,7,IGH,IGK,T,T,IGHV14-3,IGHD1-1,IGHJ4,IGKV15-103,IGKJ1,"IGHG1,IGHG3",IGKC,TGTCTTACTACTATGGTCCCCTTTGCTTTGGACTACTGG,TGTCAACAGGGTCAAAGTTATCCGTGGACGTTC,CLTTMVPFALDYW,CQQGQSYPWTF,IGHV14-3,IGHD1-1,IGHJ4,IGKV15-103,IGKJ1,"IGHG1,IGHG3",IGKC,T,T,7.0,30.0,IGHV14-3,IGKV15-103,IGHD1-1,IGHJ4,IGKJ1,"IGHG1,IGHG3",IGKC,IGHV14-3,IGHD1-1,IGHJ4,IGKV15-103,IGKJ1,IgG,IgG,IGH + IGK,Single pair,standard,standard,5.0,>= 3
mosaic_8b_AGCATTTAGCATTCAG,B_VDJ_46_1_1_VJ_71_1_2,107,IGH,IGK,T,T,IGHV1-19,IGHD5-1,IGHJ2,IGKV4-55,IGKJ5,None,IGKC,TGTGCGAGAGACTGCGGTAGTACCTACCGGGACTACTTTGACTACTGG,TGCCAGCAGTGGAATGGTTACCCACTCACGTTC,CARDCGSTYRDYFDYW,CQQWNGYPLTF,IGHV1-19,IGHD5-1,IGHJ2,IGKV4-55,IGKJ5,None,IGKC,T,T,10.0,53.0,IGHV1-19,IGKV4-55,IGHD5-1,IGHJ2,IGKJ5,None,IGKC,IGHV1-19,IGHD5-1,IGHJ2,IGKV4-55,IGKJ5,None,None,IGH + IGK,Single pair,standard,standard,1.0,1
mosaic_8b_AGCGAACCAATGCAGA,B_VDJ_36_1_1_VJ_32_1_1,2,IGH,IGK,T,T,IGHV1-74,IGHD2-6,IGHJ3,IGKV3-12,IGKJ5,None,IGKC,TGTGTAATGACCTACTATAGTAACTACGGTTTTGCTTACTGG,TGTCAGCACAGTAGGGAGCTTCCGCTCACGTTC,CVMTYYSNYGFAYW,CQHSRELPLTF,IGHV1-74,IGHD2-6,IGHJ3,IGKV3-12,IGKJ5,None,IGKC,T,T,9.0,92.0,IGHV1-74,IGKV3-12,IGHD2-6,IGHJ3,IGKJ5,None,IGKC,IGHV1-74,IGHD2-6,IGHJ3,IGKV3-12,IGKJ5,None,None,IGH + IGK,Single pair,standard,standard,9.0,>= 3
mosaic_8b_AGCGACAAGCGTTTGA,B_VDJ_58_1_7_VJ_50_1_1,27,IGH,IGK,T,T,IGHV2-3,IGHD5,IGHJ1,IGKV4-91,IGKJ5,"IGHG1,IGHG3",IGKC,TGTGTCAGAACGGCTTATCACTACGATAATACCTACTGGTATTTCGATGTCTGG,TGCCAGCAGGGAAGTGGTATGCCCACGTTC,CVRTAYHYDNTYWYFDVW,CQQGSGMPTF,IGHV2-3,IGHD5,IGHJ1,IGKV4-91,IGKJ5,"IGHG1,IGHG3",IGKC,T,T,42.0,102.0,IGHV2-3,IGKV4-91,IGHD5,IGHJ1,IGKJ5,"IGHG1,IGHG3",IGKC,IGHV2-3,IGHD5,IGHJ1,IGKV4-91,IGKJ5,IgG,IgG,IGH + IGK,Single pair,standard,standard,2.0,2
mosaic_8b_AGCGCAGCAACGCGCT,B_VDJ_27_1_1_VJ_24_1_4,12,IGH,IGK,T,T,IGHV1-74,IGHD1-1,IGHJ2,IGKV10-94,IGKJ2,None,IGKC,TGTGCAATGGACTACGGTAGTGGCTTTGACTACTGG,TGTCAGCAGTATAGTAAACTTCCGTACACGTTC,CAMDYGSGFDYW,CQQYSKLPYTF,IGHV1-74,IGHD1-1,IGHJ2,IGKV10-94,IGKJ2,None,IGKC,T,T,8.0,84.0,IGHV1-74,IGKV10-94,IGHD1-1,IGHJ2,IGKJ2,None,IGKC,IGHV1-74,IGHD1-1,IGHJ2,IGKV10-94,IGKJ2,None,None,IGH + IGK,Single pair,standard,standard,4.0,>= 3
mosaic_8b_AGCGGGAGTGGTAATC,B_VDJ_51_1_1_VJ_22_1_1,10,IGH,IGK,T,T,IGHV1-74,None,IGHJ4,IGKV8-28,IGKJ5,"IGHG1,IGHG3",IGKC,TGTGTAACCGGCTATTACTATGCTATGGACTACTGG,TGTCAGAACGATCATAGTTATCCGCTCACGTTC,CVTGYYYAMDYW,CQNDHSYPLTF,IGHV1-74,None,IGHJ4,IGKV8-28,IGKJ5,"IGHG1,IGHG3",IGKC,T,T,21.0,105.0,IGHV1-74,IGKV8-28,None,IGHJ4,IGKJ5,"IGHG1,IGHG3",IGKC,IGHV1-74,None,IGHJ4,IGKV8-28,IGKJ5,IgG,IgG,IGH + IGK,Single pair,standard,standard,4.0,>= 3
mosaic_8b_AGCTGGGCAGTAGCGG,B_VDJ_35_2_1_VJ_63_1_1,106,IGH,IGK,T,T,IGHV1-82,None,IGHJ2,IGKV15-103,IGKJ5,None,IGKC,TGTGCAAGAGGGGATCCCCTTTACTACTTTGACTACTGG,TGTCAACAGGGTCAAAGTTATCCTCTCACGTTC,CARGDPLYYFDYW,CQQGQSYPLTF,IGHV1-82,None,IGHJ2,IGKV15-103,IGKJ5,None,IGKC,T,T,17.0,60.0,IGHV1-82,IGKV15-103,None,IGHJ2,IGKJ5,None,IGKC,IGHV1-82,None,IGHJ2,IGKV15-103,IGKJ5,None,None,IGH + IGK,Single pair,standard,standard,1.0,1
mosaic_8b_AGCTTCGCAGCAGGAT,B_VDJ_23_1_1_VJ_23_1_1,105,IGH,IGL,T,T,IGHV10-1,None,IGHJ3,IGLV2,IGLJ2,IGHM,IGLC2,TGTGTGAGTGATTACCCGGCCTGGTTTGCTTACTGG,TGTGCTCTATGGTACAGCACCCATTATGTTTTC,CVSDYPAWFAYW,CALWYSTHYVF,IGHV10-1,None,IGHJ3,IGLV2,IGLJ2,IGHM,IGLC2,T,T,26.0,74.0,IGHV10-1,IGLV2,None,IGHJ3,IGLJ2,IGHM,IGLC2,IGHV10-1,None,IGHJ3,IGLV2,IGLJ2,IgM,IgM,IGH + IGL,Single pair,standard,standard,1.0,1
mosaic_8b_AGGCACAAGGTCTGCG,B_VJ_72_1_1,13,None,IGK,None,T,None,None,None,IGKV15-103,IGKJ1,None,IGKC,None,TGTCAACAGGGTCAAAGTTATCCGTGGACGTTC,None,CQQGQSYPWTF,None,None,None,IGKV15-103,IGKJ1,None,IGKC,None,T,,4.0,None,IGKV15-103,None,None,IGKJ1,None,IGKC,None,None,None,IGKV15-103,IGKJ1,,,Orphan IGK,Orphan VJ,None,standard,3.0,>= 3
mosaic_8b_AGGGTCGCAGGTTGCC,B_VDJ_33_1_3_VJ_54_1_2,20,IGH,IGK,T,T,IGHV1-22,IGHD1-1,IGHJ2,IGKV4-50,IGKJ1,"IGHG1,IGHG3",IGKC,TGTGTAAGAGAATTTATTACTACGGACTACTTTGACTACTGG,TGCCTGCAGTTTACTAGTTCCCCATCGTGGACGTTC,CVREFITTDYFDYW,CLQFTSSPSWTF,IGHV1-22,IGHD1-1,IGHJ2,IGKV4-50,IGKJ1,"IGHG1,IGHG3",IGKC,T,T,5.0,25.0,IGHV1-22,IGKV4-50,IGHD1-1,IGHJ2,IGKJ1,"IGHG1,IGHG3",IGKC,IGHV1-22,IGHD1-1,IGHJ2,IGKV4-50,IGKJ1,IgG,IgG,IGH + IGK,Single pair,standard,standard,3.0,>= 3
mosaic_8b_AGGGTGCAGCACAGCT,B_VDJ_36_1_1_VJ_32_1_1,2,IGH,IGK,T,T,IGHV1-74,IGHD2-6,IGHJ3,IGKV3-12,IGKJ5,None,IGKC,TGTGTTATGACCTACTATAGTAACTACGGTTTTGCTTACTGG,TGTCAGCACAGTAGGGAGCTTCCGCTCACGTTC,CVMTYYSNYGFAYW,CQHSRELPLTF,IGHV1-74,IGHD2-6,IGHJ3,IGKV3-12,IGKJ5,None,IGKC,T,T,11.0,27.0,IGHV1-74,IGKV3-12,IGHD2-6,IGHJ3,IGKJ5,None,IGKC,IGHV1-74,IGHD2-6,IGHJ3,IGKV3-12,IGKJ5,None,None,IGH + IGK,Single pair,standard,standard,9.0,>= 3
mosaic_8b_AGGTATCGTCTTGGAG,B_VDJ_19_1_1_VJ_9_1_1,102,IGH,IGK,T,T,IGHV1-80,None,IGHJ2,IGKV4-80,IGKJ2,None,IGKC,TGTGCGAACTACTTTGACTACTGG,TGCCTTCAGTGGAATAATTATCCGTTCACGTTC,CANYFDYW,CLQWNNYPFTF,IGHV1-80,None,IGHJ2,IGKV4-80,IGKJ2,None,IGKC,T,T,11.0,20.0,IGHV1-80,IGKV4-80,None,IGHJ2,IGKJ2,None,IGKC,IGHV1-80,None,IGHJ2,IGKV4-80,IGKJ2,None,None,IGH + IGK,Single pair,standard,standard,1.0,1
mosaic_8b_AGTAACGCAATGGTCT,B_VDJ_46_2_1_VJ_21_1_1,101,IGH,IGK,T,T,IGHV1-19,None,IGHJ2,IGKV5-48,IGKJ5,IGHM,IGKC,TGTGCAAGATCACCCTCAACTGGTTTTGACTACTGG,TGTCAACAAAGTAATAGCTGGCCAACCACGTTC,CARSPSTGFDYW,CQQSNSWPTTF,IGHV1-19,None,IGHJ2,IGKV5-48,IGKJ5,IGHM,IGKC,T,T,29.0,34.0,IGHV1-19,IGKV5-48,None,IGHJ2,IGKJ5,IGHM,IGKC,IGHV1-19,None,IGHJ2,IGKV5-48,IGKJ5,IgM,IgM,IGH + IGK,Single pair,standard,standard,1.0,1
mosaic_8b_AGTATTATCCTTAGCT,B_VDJ_19_2_1_VJ_13_1_1,100,IGH,IGK,T,T,IGHV1-80,None,IGHJ2,IGKV8-16,IGKJ2,"IGHG1,IGHG3",IGKC,TGTGCAAGAGGGGGGATTTACTTTGACTACTGG,TGTCAGCAGCATTTACACATTCCGTACACGTTC,CARGGIYFDYW,CQQHLHIPYTF,IGHV1-80,None,IGHJ2,IGKV8-16,IGKJ2,"IGHG1,IGHG3",IGKC,T,T,14.0,105.0,IGHV1-80,IGKV8-16,None,IGHJ2,IGKJ2,"IGHG1,IGHG3",IGKC,IGHV1-80,None,IGHJ2,IGKV8-16,IGKJ2,IgG,IgG,IGH + IGK,Single pair,standard,standard,1.0,1
mosaic_8b_AGTCCAGGTGCCCATT,B_VDJ_15_1_7_VJ_69_2_6,4,IGH,IGK,T,T,IGHV1-52,None,IGHJ4,IGKV6-15,IGKJ1,"IGHG1,IGHG3",IGKC,TGTGCAAGATCGGGAGGGCAGCAGTTTTTTATGGACTACTGG,TGTCAGCAATATTACAGCTATCCTCTAACGTTC,CARSGGQQFFMDYW,CQQYYSYPLTF,IGHV1-52,None,IGHJ4,IGKV6-15,IGKJ1,"IGHG1,IGHG3",IGKC,T,T,4.0,104.0,IGHV1-52,IGKV6-15,None,IGHJ4,IGKJ1,"IGHG1,IGHG3",IGKC,IGHV1-52,None,IGHJ4,IGKV6-15,IGKJ1,IgG,IgG,IGH + IGK,Single pair,standard,standard,7.0,>= 3
mosaic_8b_AGTCCGAGTCTGTGGA,B_VDJ_42_1_1_VJ_35_1_1,98,IGH,IGK,T,T,IGHV6-3,None,IGHJ4,IGKV8-30,IGKJ5,IGHM,IGKC,TGCACAGGAGCTATGGACTACTGG,TGTCAGCAATATTATAGCTATCCGCTCACGTTC,CTGAMDYW,CQQYYSYPLTF,IGHV6-3,None,IGHJ4,IGKV8-30,IGKJ5,IGHM,IGKC,T,T,3.0,2.0,IGHV6-3,IGKV8-30,None,IGHJ4,IGKJ5,IGHM,IGKC,IGHV6-3,None,IGHJ4,IGKV8-30,IGKJ5,IgM,IgM,IGH + IGK,Single pair,standard,standard,1.0,1
mosaic_8b_AGTCTCGCAGTGAGGT,B_VDJ_61_1_3,87,IGH,None,T,None,IGHV8-12,None,IGHJ1,None,None,"IGHG1,IGHG3",None,TGTGCTCGAAAGGGGAACTACTACTGGTACCTCGATGTCTGG,None,CARKGNYYWYLDVW,None,IGHV8-12,None,IGHJ1,None,None,"IGHG1,IGHG3",None,T,None,17.0,,IGHV8-12,None,None,IGHJ1,None,"IGHG1,IGHG3",None,IGHV8-12,None,IGHJ1,None,None,IgG,IgG,Orphan IGH,Orphan VDJ,standard,None,1.0,1
mosaic_8b_AGTGATTTCAATGTGT,B_VDJ_16_1_1_VJ_57_1_1,97,IGH,IGK,T,T,IGHV1-59,"IGHD2-10,IGHD2-1,IGHD2-11",IGHJ2,IGKV4-53,IGKJ1,"IGHG1,IGHG3",IGKC,TGTGCAAGAGGGGGAAAAAACTATGGTAAAGGGTTTGACTACTGG,TGTCAACAGTGGAGTAATTACCCACTCACGTGGACGTTC,CARGGKNYGKGFDYW,CQQWSNYPLTWTF,IGHV1-59,"IGHD2-10,IGHD2-1,IGHD2-11",IGHJ2,IGKV4-53,IGKJ1,"IGHG1,IGHG3",IGKC,T,T,2.0,2.0,IGHV1-59,IGKV4-53,"IGHD2-10,IGHD2-1,IGHD2-11",IGHJ2,IGKJ1,"IGHG1,IGHG3",IGKC,IGHV1-59,"IGHD2-10,IGHD2-1,IGHD2-11",IGHJ2,IGKV4-53,IGKJ1,IgG,IgG,IGH + IGK,Single pair,standard,standard,1.0,1
mosaic_8b_ATAATTCCAACGGGAT,B_VDJ_26_3_1,96,IGH,None,T,None,IGHV1-80,None,IGHJ3,None,None,"IGHG1,IGHG3",None,TGTGCAAGAGGGGGTACTACGGGGGAGAGGTTTGCTTACTGG,None,CARGGTTGERFAYW,None,IGHV1-80,None,IGHJ3,None,None,"IGHG1,IGHG3",None,T,None,3.0,,IGHV1-80,None,None,IGHJ3,None,"IGHG1,IGHG3",None,IGHV1-80,None,IGHJ3,None,None,IgG,IgG,Orphan IGH,Orphan VDJ,standard,None,1.0,1
mosaic_8b_ATACGTCCAAGCAAAT,B_VJ_34_1_1,95,None,IGK,None,T,None,None,None,IGKV1-132,IGKJ2,None,IGKC,None,TGCTTGCAAGGTACATATTATCCTCACACGTTC,None,CLQGTYYPHTF,None,None,None,IGKV1-132,IGKJ2,None,IGKC,None,T,,5.0,None,IGKV1-132,None,None,IGKJ2,None,IGKC,None,None,None,IGKV1-132,IGKJ2,,,Orphan IGK,Orphan VJ,None,standard,1.0,1
mosaic_8b_ATATCCTGTAGGGCGA,B_VDJ_24_1_1_VJ_39_1_1,94,IGH,IGK,T,T,IGHV1-55,"IGHD2-9,IGHD2-4",IGHJ2,IGKV1-122,IGKJ2,IGHM,IGKC,TGTGCAAGGTTAGAGATCTACTATGATTACGAGCCCCTGTACTACTTTGACTACTGG,TGCCTCCAAGTTACACATGTCCCGTACACGTTC,CARLEIYYDYEPLYYFDYW,CLQVTHVPYTF,IGHV1-55,"IGHD2-9,IGHD2-4",IGHJ2,IGKV1-122,IGKJ2,IGHM,IGKC,T,T,29.0,52.0,IGHV1-55,IGKV1-122,"IGHD2-9,IGHD2-4",IGHJ2,IGKJ2,IGHM,IGKC,IGHV1-55,"IGHD2-9,IGHD2-4",IGHJ2,IGKV1-122,IGKJ2,IgM,IgM,IGH + IGK,Single pair,standard,standard,1.0,1
mosaic_8b_ATATGTGGTAACCGGC,B_VJ_72_1_1,13,None,IGK,None,T,None,None,None,IGKV15-103,IGKJ1,None,IGKC,None,TGTCAACAGGGTCAAAGTTATCCGTGGACGTTC,None,CQQGQSYPWTF,None,None,None,IGKV15-103,IGKJ1,None,IGKC,None,T,,47.0,None,IGKV15-103,None,None,IGKJ1,None,IGKC,None,None,None,IGKV15-103,IGKJ1,,,Orphan IGK,Orphan VJ,None,standard,3.0,>= 3
mosaic_8b_ATCAATGGTCGGTTTC,B_VJ_71_1_5,1,None,IGK,None,T,None,None,None,IGKV4-55,IGKJ5,None,IGKC,None,TGCCAGCAGTGGAATAGTTACCCGCTCACGTTC,None,CQQWNSYPLTF,None,None,None,IGKV4-55,IGKJ5,None,IGKC,None,T,,16.0,None,IGKV4-55,None,None,IGKJ5,None,IGKC,None,None,None,IGKV4-55,IGKJ5,,,Orphan IGK,Orphan VJ,None,standard,25.0,>= 3
mosaic_8b_ATCAGCATCCAAGACC,B_VDJ_55_3_9_VJ_72_1_1,93,IGH,IGK,T,T,IGHV14-3,None,IGHJ4,IGKV15-103,IGKJ1,"IGHG1,IGHG3",IGKC,TGTCTTCCTATTCTGGTCCCCTTTGCTTTGGACTACTGG,TGTCAACAGGGTCAAAGTTATCCGTGGACGTTC,CLPILVPFALDYW,CQQGQSYPWTF,IGHV14-3,None,IGHJ4,IGKV15-103,IGKJ1,"IGHG1,IGHG3",IGKC,T,T,8.0,37.0,IGHV14-3,IGKV15-103,None,IGHJ4,IGKJ1,"IGHG1,IGHG3",IGKC,IGHV14-3,None,IGHJ4,IGKV15-103,IGKJ1,IgG,IgG,IGH + IGK,Single pair,standard,standard,1.0,1
mosaic_8b_ATCATCGAGGTAGCAG,B_VDJ_8_1_1_VJ_17_1_1,17,IGH,IGK,T,T,IGHV1-7,IGHD2-3,IGHJ2,IGKV2-137,IGKJ5,"IGHG1,IGHG3",IGKC,TGTGCAAGAGAGGTGTCCTATGATGGTCCTTTTGACCACTGG,TGTATACAACATCTAGAATATCCTTTCACGTTC,CAREVSYDGPFDHW,CIQHLEYPFTF,IGHV1-7,IGHD2-3,IGHJ2,IGKV2-137,IGKJ5,"IGHG1,IGHG3",IGKC,T,T,7.0,23.0,IGHV1-7,IGKV2-137,IGHD2-3,IGHJ2,IGKJ5,"IGHG1,IGHG3",IGKC,IGHV1-7,IGHD2-3,IGHJ2,IGKV2-137,IGKJ5,IgG,IgG,IGH + IGK,Single pair,standard,standard,3.0,>= 3
mosaic_8b_ATCCAATAGAGTAATG,B_VJ_71_1_5,1,None,IGK,None,T,None,None,None,IGKV4-55,IGKJ5,None,IGKC,None,TGCCAGCAGTGGAATAGTTACCCGCTCACGTTC,None,CQQWNSYPLTF,None,None,None,IGKV4-55,IGKJ5,None,IGKC,None,T,,57.0,None,IGKV4-55,None,None,IGKJ5,None,IGKC,None,None,None,IGKV4-55,IGKJ5,,,Orphan IGK,Orphan VJ,None,standard,25.0,>= 3
mosaic_8b_ATCCAGGGTCTAGTGG,B_VJ_2_1_1,92,None,IGK,None,T,None,None,None,IGKV12-44,IGKJ5,None,IGKC,None,TGTCAACATCATTATGGTACTCCGCTCACGTTC,None,CQHHYGTPLTF,None,None,None,IGKV12-44,IGKJ5,None,IGKC,None,T,,3.0,None,IGKV12-44,None,None,IGKJ5,None,IGKC,None,None,None,IGKV12-44,IGKJ5,,,Orphan IGK,Orphan VJ,None,standard,1.0,1
mosaic_8b_ATCCTTATCATGTAAC,B_VJ_71_1_5,1,None,IGK,None,T,None,None,None,IGKV4-55,IGKJ5,None,IGKC,None,TGCCAGCAGTGGAATAGTTTCCCGCTCACGTTC,None,CQQWNSFPLTF,None,None,None,IGKV4-55,IGKJ5,None,IGKC,None,T,,5.0,None,IGKV4-55,None,None,IGKJ5,None,IGKC,None,None,None,IGKV4-55,IGKJ5,,,Orphan IGK,Orphan VJ,None,standard,25.0,>= 3
mosaic_8b_ATCTCACTCGCGCGTA,B_VDJ_15_1_7_VJ_69_2_6,4,IGH,IGK,T,T,IGHV1-52,None,IGHJ4,IGKV6-15,IGKJ1,"IGHG1,IGHG3",IGKC,TGTGCAAGATCGGCAGGACAGCAGTTTTTTTTGGACTACTGG,TGTCAGCAATATTACAGCTATCCTCTAACGTTC,CARSAGQQFFLDYW,CQQYYSYPLTF,IGHV1-52,None,IGHJ4,IGKV6-15,IGKJ1,"IGHG1,IGHG3",IGKC,T,T,9.0,48.0,IGHV1-52,IGKV6-15,None,IGHJ4,IGKJ1,"IGHG1,IGHG3",IGKC,IGHV1-52,None,IGHJ4,IGKV6-15,IGKJ1,IgG,IgG,IGH + IGK,Single pair,standard,standard,7.0,>= 3
mosaic_8b_ATCTTGTGTGTATGTA,B_VDJ_31_1_1_VJ_71_1_4,91,IGH,IGK,T,T,IGHV1-72,None,IGHJ2,IGKV4-55,IGKJ5,IGHM,IGKC,TGTGCAAGAGGGGACGGGGACTTTGACTACTGG,TGCCAGCAGTGGAGTAGTTACCCGCTCACGTTC,CARGDGDFDYW,CQQWSSYPLTF,IGHV1-72,None,IGHJ2,IGKV4-55,IGKJ5,IGHM,IGKC,T,T,34.0,47.0,IGHV1-72,IGKV4-55,None,IGHJ2,IGKJ5,IGHM,IGKC,IGHV1-72,None,IGHJ2,IGKV4-55,IGKJ5,IgM,IgM,IGH + IGK,Single pair,standard,standard,1.0,1
mosaic_8b_ATGACGACACTTCGAG,B_VDJ_33_1_2_VJ_54_1_2,90,IGH,IGK,T,T,IGHV1-22,IGHD1-1,IGHJ2,IGKV4-50,IGKJ1,"IGHG1,IGHG3",IGKC,TGTACAAGAGAATTTGTTACTACGGACTACTTTGACTACTGG,TGCCTGCAGTTTACTAGTTCCCCATCGTGGACGTTC,CTREFVTTDYFDYW,CLQFTSSPSWTF,IGHV1-22,IGHD1-1,IGHJ2,IGKV4-50,IGKJ1,"IGHG1,IGHG3",IGKC,T,T,8.0,21.0,IGHV1-22,IGKV4-50,IGHD1-1,IGHJ2,IGKJ1,"IGHG1,IGHG3",IGKC,IGHV1-22,IGHD1-1,IGHJ2,IGKV4-50,IGKJ1,IgG,IgG,IGH + IGK,Single pair,standard,standard,1.0,1
mosaic_8b_ATGCCCACAGCTAGAA,B_VDJ_15_1_6_VJ_69_2_6,21,IGH,IGK,T,T,IGHV1-52,None,IGHJ4,IGKV6-15,IGKJ1,"IGHG1,IGHG3",IGKC,TGTGCAAGATCGGGAGGGCAGGAGTTTTTTATGGACTACTGG,TGTCAGCAATATTACAGCTATCCTCTAACGTTC,CARSGGQEFFMDYW,CQQYYSYPLTF,IGHV1-52,None,IGHJ4,IGKV6-15,IGKJ1,"IGHG1,IGHG3",IGKC,T,T,13.0,125.0,IGHV1-52,IGKV6-15,None,IGHJ4,IGKJ1,"IGHG1,IGHG3",IGKC,IGHV1-52,None,IGHJ4,IGKV6-15,IGKJ1,IgG,IgG,IGH + IGK,Single pair,standard,standard,3.0,>= 3
mosaic_8b_ATGCTTCTCACGCTCC,B_VDJ_36_1_1_VJ_32_1_1,2,IGH,IGK,T,T,IGHV1-74,IGHD2-6,IGHJ3,IGKV3-12,IGKJ5,None,IGKC,TGTGTAATGACCTACTATAGTAACTACGGTTTTGCTTACTGG,TGTCAGCACAGTAGGGAGCTTCCGCTCACGTTC,CVMTYYSNYGFAYW,CQHSRELPLTF,IGHV1-74,IGHD2-6,IGHJ3,IGKV3-12,IGKJ5,None,IGKC,T,T,13.0,52.0,IGHV1-74,IGKV3-12,IGHD2-6,IGHJ3,IGKJ5,None,IGKC,IGHV1-74,IGHD2-6,IGHJ3,IGKV3-12,IGKJ5,None,None,IGH + IGK,Single pair,standard,standard,9.0,>= 3
mosaic_8b_ATGCTTCTCCCACCTA,B_VDJ_58_1_4_VJ_50_1_1,88,IGH,IGK,T,T,IGHV2-3,None,IGHJ1,IGKV4-91,IGKJ5,"IGHG1,IGHG3",IGKC,TGTGCCAAATCGGCTACTTATAACGATAATACCTACTGGTATTTCGATGTCTGG,TGCCAGCAGGGAAGTGGTATACCCACGTTC,CAKSATYNDNTYWYFDVW,CQQGSGIPTF,IGHV2-3,None,IGHJ1,IGKV4-91,IGKJ5,"IGHG1,IGHG3",IGKC,T,T,32.0,74.0,IGHV2-3,IGKV4-91,None,IGHJ1,IGKJ5,"IGHG1,IGHG3",IGKC,IGHV2-3,None,IGHJ1,IGKV4-91,IGKJ5,IgG,IgG,IGH + IGK,Single pair,standard,standard,1.0,1
mosaic_8b_ATGGACCTCCGATGGT,B_VJ_71_1_5,1,None,IGK,None,T,None,None,None,IGKV4-55,IGKJ5,None,IGKC,None,TGCCAGCAGTGGAATAGTTACCCGCTCACGTTT,None,CQQWNSYPLTF,None,None,None,IGKV4-55,IGKJ5,None,IGKC,None,T,,43.0,None,IGKV4-55,None,None,IGKJ5,None,IGKC,None,None,None,IGKV4-55,IGKJ5,,,Orphan IGK,Orphan VJ,None,standard,25.0,>= 3
mosaic_8b_ATGGCCGTCGCAACGT,B_VDJ_15_1_6_VJ_69_2_6,21,IGH,IGK,T,T,IGHV1-52,None,IGHJ4,IGKV6-15,IGKJ1,"IGHG1,IGHG3",IGKC,TGTGCAATATCGGGAGGGCAGCAGTTTTTTATGGACTACTGG,TGTCAGCAATATTACAGCTATCCTCTAACGTTC,CAISGGQQFFMDYW,CQQYYSYPLTF,IGHV1-52,None,IGHJ4,IGKV6-15,IGKJ1,"IGHG1,IGHG3",IGKC,T,T,10.0,62.0,IGHV1-52,IGKV6-15,None,IGHJ4,IGKJ1,"IGHG1,IGHG3",IGKC,IGHV1-52,None,IGHJ4,IGKV6-15,IGKJ1,IgG,IgG,IGH + IGK,Single pair,standard,standard,3.0,>= 3
mosaic_8b_ATGGTTTAGCCTTAAG,B_VJ_20_1_1,110,None,IGK,None,T,None,None,None,IGKV15-103,IGKJ4,None,IGKC,None,TGTCAACAGGGTCAAAGTTATCCATTCACGTTC,None,CQQGQSYPFTF,None,None,None,IGKV15-103,IGKJ4,None,IGKC,None,T,,14.0,None,IGKV15-103,None,None,IGKJ4,None,IGKC,None,None,None,IGKV15-103,IGKJ4,,,Orphan IGK,Orphan VJ,None,standard,1.0,1
mosaic_8b_ATGTAACTCCGTCATT,B_VJ_71_1_5,1,None,IGK,None,T,None,None,None,IGKV4-55,IGKJ5,None,IGKC,None,TGCCAGCAGTGGAATAGTTACCCGCTCACGTTC,None,CQQWNSYPLTF,None,None,None,IGKV4-55,IGKJ5,None,IGKC,None,T,,37.0,None,IGKV4-55,None,None,IGKJ5,None,IGKC,None,None,None,IGKV4-55,IGKJ5,,,Orphan IGK,Orphan VJ,None,standard,25.0,>= 3
mosaic_8b_ATGTGTTAGCTCAGCG,B_VDJ_1_1_1_VJ_15_1_1,33,IGH,IGK,T,T,IGHV2-9-1,IGHD1-1,IGHJ2,IGKV8-30,IGKJ2,"IGHG1,IGHG3",IGKC,TGTGCCAGAAATAGCGAGGAGAATTACTACGGTTACTTTGACTACTGG,TGTCAGCAATATTATAACTATCCGTACACGTTC,CARNSEENYYGYFDYW,CQQYYNYPYTF,IGHV2-9-1,IGHD1-1,IGHJ2,IGKV8-30,IGKJ2,"IGHG1,IGHG3",IGKC,T,T,24.0,100.0,IGHV2-9-1,IGKV8-30,IGHD1-1,IGHJ2,IGKJ2,"IGHG1,IGHG3",IGKC,IGHV2-9-1,IGHD1-1,IGHJ2,IGKV8-30,IGKJ2,IgG,IgG,IGH + IGK,Single pair,standard,standard,2.0,2
mosaic_8b_ATGTTCTGTCACACCT,B_VDJ_61_1_4_VJ_41_1_1,5,IGH,IGK,T,T,IGHV8-12,None,IGHJ1,IGKV6-20,IGKJ2,"IGHG1,IGHG3",IGKC,TGTGCTCGAAGAGTGAATTACTACTGGTTCTTCGATGTCTGG,TGTGGACAGAGTTACAGTTATCCGTTCACGTTC,CARRVNYYWFFDVW,CGQSYSYPFTF,IGHV8-12,None,IGHJ1,IGKV6-20,IGKJ2,"IGHG1,IGHG3",IGKC,T,T,3.0,1.0,IGHV8-12,IGKV6-20,None,IGHJ1,IGKJ2,"IGHG1,IGHG3",IGKC,IGHV8-12,None,IGHJ1,IGKV6-20,IGKJ2,IgG,IgG,IGH + IGK,Single pair,standard,standard,5.0,>= 3
mosaic_8b_ATTCAGCCAACTGGGG,B_VDJ_38_1_1_VJ_5_1_1,112,IGH,IGK,T,T,IGHV8-5,IGHD1-1,IGHJ4,IGKV12-41,IGKJ1,IGHM,IGKC,TGTGCTCAAATTCATTACTACGGTAGTAGCTACGAGGGCTATGCTATGGACTACTGG,TGTCAACATTTTTGGAGTACTCCGTGGACGTTC,CAQIHYYGSSYEGYAMDYW,CQHFWSTPWTF,IGHV8-5,IGHD1-1,IGHJ4,IGKV12-41,IGKJ1,IGHM,IGKC,T,T,50.0,85.0,IGHV8-5,IGKV12-41,IGHD1-1,IGHJ4,IGKJ1,IGHM,IGKC,IGHV8-5,IGHD1-1,IGHJ4,IGKV12-41,IGKJ1,IgM,IgM,IGH + IGK,Single pair,standard,standard,1.0,1
mosaic_8b_ATTGGTTAGCACCGCA,B_VDJ_30_1_3_VJ_18_1_1,24,IGH,IGK,T,T,IGHV14-3,None,IGHJ2,IGKV4-61,IGKJ1,"IGHG1,IGHG3",IGKC,TGTACTAAAGAGGACTGGGGCTTTGACTACTGG,TGCCAGCAGTATCATAGTTACTGGACGTTC,CTKEDWGFDYW,CQQYHSYWTF,IGHV14-3,None,IGHJ2,IGKV4-61,IGKJ1,"IGHG1,IGHG3",IGKC,T,T,20.0,57.0,IGHV14-3,IGKV4-61,None,IGHJ2,IGKJ1,"IGHG1,IGHG3",IGKC,IGHV14-3,None,IGHJ2,IGKV4-61,IGKJ1,IgG,IgG,IGH + IGK,Single pair,standard,standard,2.0,2
mosaic_8b_CAAATGGCAACTATAT,B_VJ_15_1_1,34,None,IGK,None,T,None,None,None,IGKV8-30,IGKJ2,None,IGKC,None,TGTCAGCAATATTATAACTATCCGTACACGTTC,None,CQQYYNYPYTF,None,None,None,IGKV8-30,IGKJ2,None,IGKC,None,T,,59.0,None,IGKV8-30,None,None,IGKJ2,None,IGKC,None,None,None,IGKV8-30,IGKJ2,,,Orphan IGK,Orphan VJ,None,standard,2.0,2
mosaic_8b_CAACTACCAGTACGCC,B_VDJ_15_1_8_VJ_69_2_5,25,IGH,IGK,T,T,IGHV1-52,None,IGHJ4,IGKV6-15,IGKJ1,"IGHG1,IGHG3",IGKC,TGTGCAAGATCGGCAGGACAGCAATTTTTTATGGACTACTGG,TGTCAGCAATATTACAGCTCTCCTCTAACGTTC,CARSAGQQFFMDYW,CQQYYSSPLTF,IGHV1-52,None,IGHJ4,IGKV6-15,IGKJ1,"IGHG1,IGHG3",IGKC,T,T,25.0,102.0,IGHV1-52,IGKV6-15,None,IGHJ4,IGKJ1,"IGHG1,IGHG3",IGKC,IGHV1-52,None,IGHJ4,IGKV6-15,IGKJ1,IgG,IgG,IGH + IGK,Single pair,standard,standard,2.0,2
mosaic_8b_CAAGCTCAGCTATCGA,B_VDJ_55_3_7_VJ_72_1_1,19,IGH,IGK,T,T,IGHV14-3,IGHD1-1,IGHJ4,IGKV15-103,IGKJ1,"IGHG1,IGHG3",IGKC,TGTGTTGTTACTATGGTCCCCTATGCTTTGGACTACTGG,TGTCAACAGGGTCAAAGTTATCCGTGGACGTTC,CVVTMVPYALDYW,CQQGQSYPWTF,IGHV14-3,IGHD1-1,IGHJ4,IGKV15-103,IGKJ1,"IGHG1,IGHG3",IGKC,T,T,8.0,29.0,IGHV14-3,IGKV15-103,IGHD1-1,IGHJ4,IGKJ1,"IGHG1,IGHG3",IGKC,IGHV14-3,IGHD1-1,IGHJ4,IGKV15-103,IGKJ1,IgG,IgG,IGH + IGK,Single pair,standard,standard,3.0,>= 3
mosaic_8b_CACAAGCTCACTTTCA,B_VDJ_18_1_1_VJ_36_1_1,18,IGH,IGK,T,T,IGHV5-2,None,IGHJ4,IGKV10-96,IGKJ5,"IGHG1,IGHG3",IGKC,TGTGCAAGACATAGTAACCGTTATTACTATGTTATGGACTACTGG,TGTCAACAGGGTAAAACACTTCCGCTCACATTC,CARHSNRYYYVMDYW,CQQGKTLPLTF,IGHV5-2,None,IGHJ4,IGKV10-96,IGKJ5,"IGHG1,IGHG3",IGKC,T,T,10.0,31.0,IGHV5-2,IGKV10-96,None,IGHJ4,IGKJ5,"IGHG1,IGHG3",IGKC,IGHV5-2,None,IGHJ4,IGKV10-96,IGKJ5,IgG,IgG,IGH + IGK,Single pair,standard,standard,3.0,>= 3
mosaic_8b_CACCATAAGAGACGAT,B_VDJ_6_1_1_VJ_59_1_1,26,IGH,IGK,T,T,IGHV1-78,IGHD1-1,IGHJ3,IGKV12-41,IGKJ2,"IGHG1,IGHG3",IGKC,TGTGCAAGAAATTACTACGGTAGTGGCTTGGCTTACTGG,TGTCAACAGTTTTGGACTATTCCGTACACGTTC,CARNYYGSGLAYW,CQQFWTIPYTF,IGHV1-78,IGHD1-1,IGHJ3,IGKV12-41,IGKJ2,"IGHG1,IGHG3",IGKC,T,T,14.0,53.0,IGHV1-78,IGKV12-41,IGHD1-1,IGHJ3,IGKJ2,"IGHG1,IGHG3",IGKC,IGHV1-78,IGHD1-1,IGHJ3,IGKV12-41,IGKJ2,IgG,IgG,IGH + IGK,Single pair,standard,standard,2.0,2
mosaic_8b_CACCTATTCCGTTCGC,B_VJ_71_1_5,1,None,IGK,None,T,None,None,None,IGKV4-55,IGKJ5,None,IGKC,None,TGCCAGCAGTGGAATAGTTACCCGCTCACGTTC,None,CQQWNSYPLTF,None,None,None,IGKV4-55,IGKJ5,None,IGKC,None,T,,22.0,None,IGKV4-55,None,None,IGKJ5,None,IGKC,None,None,None,IGKV4-55,IGKJ5,,,Orphan IGK,Orphan VJ,None,standard,25.0,>= 3
mosaic_8b_CACGAATGTACAGAAG,B_VDJ_36_1_1_VJ_32_1_1,2,IGH,IGK,T,T,IGHV1-74,IGHD2-6,IGHJ3,IGKV3-12,IGKJ5,None,IGKC,TGTGTAATGACCTACTATAGTAACTACGGTTTTGCTTACTGG,TGTCAGCACAGTAGGGAGCTTCCGCTCACGTTC,CVMTYYSNYGFAYW,CQHSRELPLTF,IGHV1-74,IGHD2-6,IGHJ3,IGKV3-12,IGKJ5,None,IGKC,T,T,14.0,33.0,IGHV1-74,IGKV3-12,IGHD2-6,IGHJ3,IGKJ5,None,IGKC,IGHV1-74,IGHD2-6,IGHJ3,IGKV3-12,IGKJ5,None,None,IGH + IGK,Single pair,standard,standard,9.0,>= 3
mosaic_8b_CACTAACCAAGCAGTA,B_VDJ_27_1_1_VJ_24_1_2,130,IGH,IGK,T,T,IGHV1-74,IGHD1-1,IGHJ2,IGKV10-94,IGKJ2,None,IGKC,TGTGCAATGGGCTACGGTAGTGGCTTTGACTACTGG,TGTCAACACTATAGTAAACTTCCGTACACGTTC,CAMGYGSGFDYW,CQHYSKLPYTF,IGHV1-74,IGHD1-1,IGHJ2,IGKV10-94,IGKJ2,None,IGKC,T,T,28.0,51.0,IGHV1-74,IGKV10-94,IGHD1-1,IGHJ2,IGKJ2,None,IGKC,IGHV1-74,IGHD1-1,IGHJ2,IGKV10-94,IGKJ2,None,None,IGH + IGK,Single pair,standard,standard,1.0,1
mosaic_8b_CAGCATGGTCAGGTTG,B_VDJ_27_1_5_VJ_11_1_1,129,IGH,IGK,T,T,IGHV1-74,"IGHD2-5,IGHD2-12,IGHD2-14",IGHJ2,IGKV3-12,IGKJ2,IGHM,IGKC,TGTGCAATGGGCTATAGTAGTTACTTTGACTACTGG,TGTCAGCACAGTAGGGAGCTTCCGTACACGTTC,CAMGYSSYFDYW,CQHSRELPYTF,IGHV1-74,"IGHD2-5,IGHD2-12,IGHD2-14",IGHJ2,IGKV3-12,IGKJ2,IGHM,IGKC,T,T,47.0,44.0,IGHV1-74,IGKV3-12,"IGHD2-5,IGHD2-12,IGHD2-14",IGHJ2,IGKJ2,IGHM,IGKC,IGHV1-74,"IGHD2-5,IGHD2-12,IGHD2-14",IGHJ2,IGKV3-12,IGKJ2,IgM,IgM,IGH + IGK,Single pair,standard,standard,1.0,1
mosaic_8b_CAGGCGTGTGTGTTCC,B_VDJ_57_1_1_VJ_53_1_2,32,IGH,IGK,T,T,IGHV1-49,None,IGHJ4,IGKV8-30,IGKJ1,"IGHG1,IGHG3",IGKC,TGTGCAAGAGACTTTATGGGTGCTATGGACTACTGG,TGTCAGCAATATTTTAGCTATCCTCGGACGTTC,CARDFMGAMDYW,CQQYFSYPRTF,IGHV1-49,None,IGHJ4,IGKV8-30,IGKJ1,"IGHG1,IGHG3",IGKC,T,T,22.0,37.0,IGHV1-49,IGKV8-30,None,IGHJ4,IGKJ1,"IGHG1,IGHG3",IGKC,IGHV1-49,None,IGHJ4,IGKV8-30,IGKJ1,IgG,IgG,IGH + IGK,Single pair,standard,standard,2.0,2
mosaic_8b_CAGGCTTAGGTTCGAC,B_VDJ_15_1_7_VJ_69_2_6,4,IGH,IGK,T,T,IGHV1-52,None,IGHJ4,IGKV6-15,IGKJ1,"IGHG1,IGHG3",IGKC,TGTGCAAGATCGGGAGGGCAGCAGTTTTTTATGGACTACTGG,TGTCAGCAATATTACAGCTATCCTCTAACGTTC,CARSGGQQFFMDYW,CQQYYSYPLTF,IGHV1-52,None,IGHJ4,IGKV6-15,IGKJ1,"IGHG1,IGHG3",IGKC,T,T,13.0,119.0,IGHV1-52,IGKV6-15,None,IGHJ4,IGKJ1,"IGHG1,IGHG3",IGKC,IGHV1-52,None,IGHJ4,IGKV6-15,IGKJ1,IgG,IgG,IGH + IGK,Single pair,standard,standard,7.0,>= 3
mosaic_8b_CAGTAGCTCACAGCGT,B_VDJ_36_1_1_VJ_32_1_1,2,IGH,IGK,T,T,IGHV1-74,IGHD2-6,IGHJ3,IGKV3-12,IGKJ5,None,IGKC,TGTGTAATGACCTACTATAGTAACTACGGTTTTGCTTACTGG,TGTCAGCACAGTAGGGAGCTTCCGCTCACGTTC,CVMTYYSNYGFAYW,CQHSRELPLTF,IGHV1-74,IGHD2-6,IGHJ3,IGKV3-12,IGKJ5,None,IGKC,T,T,8.0,12.0,IGHV1-74,IGKV3-12,IGHD2-6,IGHJ3,IGKJ5,None,IGKC,IGHV1-74,IGHD2-6,IGHJ3,IGKV3-12,IGKJ5,None,None,IGH + IGK,Single pair,standard,standard,9.0,>= 3
mosaic_8b_CAGTCAATCGCGAGTT,B_VJ_71_1_5,1,None,IGK,None,T,None,None,None,IGKV4-55,IGKJ5,None,IGKC,None,TGCCAGCAGTGGAATAGTTACCCGCTCACGTTC,None,CQQWNSYPLTF,None,None,None,IGKV4-55,IGKJ5,None,IGKC,None,T,,15.0,None,IGKV4-55,None,None,IGKJ5,None,IGKC,None,None,None,IGKV4-55,IGKJ5,,,Orphan IGK,Orphan VJ,None,standard,25.0,>= 3
mosaic_8b_CATAGTCCACTTCGTC,B_VDJ_58_1_5_VJ_50_1_1,8,IGH,IGK,T,T,IGHV2-3,IGHD1-1,IGHJ1,IGKV4-91,IGKJ5,"IGHG1,IGHG3",IGKC,TGTGCCAAATCGGCTAATTACTATGAGAATACCTACTGGTATTTCGATGTCTGG,TGCCAGCAGGGAAGTGGTATACCCACGTTC,CAKSANYYENTYWYFDVW,CQQGSGIPTF,IGHV2-3,IGHD1-1,IGHJ1,IGKV4-91,IGKJ5,"IGHG1,IGHG3",IGKC,T,T,11.0,35.0,IGHV2-3,IGKV4-91,IGHD1-1,IGHJ1,IGKJ5,"IGHG1,IGHG3",IGKC,IGHV2-3,IGHD1-1,IGHJ1,IGKV4-91,IGKJ5,IgG,IgG,IGH + IGK,Single pair,standard,standard,4.0,>= 3
mosaic_8b_CATAGTCCAGTACGGG,B_VDJ_29_1_1_VJ_27_1_1,127,IGH,IGK,T,T,IGHV1-52,IGHD1-1,IGHJ1,IGKV6-23,IGKJ4,IGHM,IGKC,TGTGCAAGAAGAGGGGGTAGTAGCTACCGCTACTGGAACTTCGATGTCTGG,TGTCAGCAATATAGCAGCTATCCATTCACGTTC,CARRGGSSYRYWNFDVW,CQQYSSYPFTF,IGHV1-52,IGHD1-1,IGHJ1,IGKV6-23,IGKJ4,IGHM,IGKC,T,T,20.0,73.0,IGHV1-52,IGKV6-23,IGHD1-1,IGHJ1,IGKJ4,IGHM,IGKC,IGHV1-52,IGHD1-1,IGHJ1,IGKV6-23,IGKJ4,IgM,IgM,IGH + IGK,Single pair,standard,standard,1.0,1
mosaic_8b_CATCATCTCCTCCGAC,B_VDJ_25_1_1_VJ_61_1_1,126,IGH,IGK,T,T,IGHV1-81,IGHD1-1,IGHJ1,IGKV14-126,IGKJ2,IGHM,IGKC,TGTGCAAGAAGGGAGGGTTTTAACTACGGTAGTGGATACTGGTACTTCGATGTCTGG,TGTCTACAGCATGGTGAGAGCCCTCCCACGTTC,CARREGFNYGSGYWYFDVW,CLQHGESPPTF,IGHV1-81,IGHD1-1,IGHJ1,IGKV14-126,IGKJ2,IGHM,IGKC,T,T,19.0,72.0,IGHV1-81,IGKV14-126,IGHD1-1,IGHJ1,IGKJ2,IGHM,IGKC,IGHV1-81,IGHD1-1,IGHJ1,IGKV14-126,IGKJ2,IgM,IgM,IGH + IGK,Single pair,standard,standard,1.0,1
mosaic_8b_CATTAACAGGGAGAGG,B_VDJ_41_2_2_VJ_19_1_1,6,IGH,IGK,T,T,IGHV1-26,"IGHD2-7,IGHD2-9,IGHD2-2",IGHJ3,IGKV4-68,IGKJ2,None,IGKC,TGTGCAAGGACAGGCGACTATGGTTACGACGGGTTTGCTTACTGG,TGCCAGCAGTGGAGTAGTAACCCACCCATCACGTTC,CARTGDYGYDGFAYW,CQQWSSNPPITF,IGHV1-26,"IGHD2-7,IGHD2-9,IGHD2-2",IGHJ3,IGKV4-68,IGKJ2,None,IGKC,T,T,12.0,34.0,IGHV1-26,IGKV4-68,"IGHD2-7,IGHD2-9,IGHD2-2",IGHJ3,IGKJ2,None,IGKC,IGHV1-26,"IGHD2-7,IGHD2-9,IGHD2-2",IGHJ3,IGKV4-68,IGKJ2,None,None,IGH + IGK,Single pair,standard,standard,5.0,>= 3
mosaic_8b_CATTAGCCACTAGCGC,B_VDJ_61_1_4_VJ_41_1_1,5,IGH,IGK,T,T,IGHV8-12,None,IGHJ1,IGKV6-20,IGKJ2,"IGHG1,IGHG3",IGKC,TGTGCTCGAAGAATGAATTACTACTGGTACTTCGATGTCTGG,TGTGGACAGAGTTACAGTTATCCGTTCACGTTC,CARRMNYYWYFDVW,CGQSYSYPFTF,IGHV8-12,None,IGHJ1,IGKV6-20,IGKJ2,"IGHG1,IGHG3",IGKC,T,T,10.0,161.0,IGHV8-12,IGKV6-20,None,IGHJ1,IGKJ2,"IGHG1,IGHG3",IGKC,IGHV8-12,None,IGHJ1,IGKV6-20,IGKJ2,IgG,IgG,IGH + IGK,Single pair,standard,standard,5.0,>= 3
mosaic_8b_CATTATCGTGGAACGG,B_VDJ_53_1_1_VJ_74_1_1,124,IGH,IGK,T,T,IGHV1-50,None,IGHJ4,IGKV1-135,IGKJ4,IGHM,IGKC,TGTGTAAGGCCCGCGGGGGCTATGGACTACTGG,TGCTGGCAAGGTACACATTTTCCATTCACGTTC,CVRPAGAMDYW,CWQGTHFPFTF,IGHV1-50,None,IGHJ4,IGKV1-135,IGKJ4,IGHM,IGKC,T,T,34.0,43.0,IGHV1-50,IGKV1-135,None,IGHJ4,IGKJ4,IGHM,IGKC,IGHV1-50,None,IGHJ4,IGKV1-135,IGKJ4,IgM,IgM,IGH + IGK,Single pair,standard,standard,1.0,1
mosaic_8b_CATTCAACAGTCCACA,B_VJ_71_1_5,1,None,IGK,None,T,None,None,None,IGKV4-55,IGKJ5,None,IGKC,None,TGCCAGCAGTGGAATAGTTACCCGCTCACGTTC,None,CQQWNSYPLTF,None,None,None,IGKV4-55,IGKJ5,None,IGKC,None,T,,66.0,None,IGKV4-55,None,None,IGKJ5,None,IGKC,None,None,None,IGKV4-55,IGKJ5,,,Orphan IGK,Orphan VJ,None,standard,25.0,>= 3
mosaic_8b_CCAAACCAGCAATATC,B_VDJ_35_1_1_VJ_58_1_1|B_VDJ_35_1_1_VJ_69_1_1,122|123,IGH,IGK|IGK,T,T|T,IGHV1-82,IGHD1-1,IGHJ2,IGKV6-15|IGKV1-99,IGKJ1|IGKJ2,IGHM,IGKC|IGKC,TGCGTATTACTACGGAGGGACTACTTTGACTACTGG,TGTCAGCAATATAACAGCTATCCGTTC|TGCTTCCAGAGTAACTATCTTCCGTACACGTTC,CVLLRRDYFDYW,CQQYNSYPF|CFQSNYLPYTF,IGHV1-82,IGHD1-1,IGHJ2,IGKV6-15|IGKV1-99,IGKJ1|IGKJ2,IGHM,IGKC|IGKC,T,T|T,60.0,178.0,IGHV1-82,IGKV6-15,IGHD1-1,IGHJ2,IGKJ1,IGHM,IGKC,IGHV1-82,IGHD1-1,IGHJ2,IGKV6-15,IGKJ1,IgM,IgM,IGH + Extra VJ,Extra pair,standard,standard,1.0,1
mosaic_8b_CCAGAGAAGCTAGATT,B_VDJ_3_1_1_VJ_3_1_1,23,IGH,IGK,T,T,IGHV1-64,"IGHD5-2,IGHD5-4,IGHD5-3",IGHJ4,IGKV5-43,IGKJ1,"IGHG1,IGHG3",IGKC,TGTGCAAGATCGAATACCTACGGAGATGCTATGGACTACTGG,TGTCAACAGAGTAACAACTGGCCTCGGACGTTC,CARSNTYGDAMDYW,CQQSNNWPRTF,IGHV1-64,"IGHD5-2,IGHD5-4,IGHD5-3",IGHJ4,IGKV5-43,IGKJ1,"IGHG1,IGHG3",IGKC,T,T,73.0,144.0,IGHV1-64,IGKV5-43,"IGHD5-2,IGHD5-4,IGHD5-3",IGHJ4,IGKJ1,"IGHG1,IGHG3",IGKC,IGHV1-64,"IGHD5-2,IGHD5-4,IGHD5-3",IGHJ4,IGKV5-43,IGKJ1,IgG,IgG,IGH + IGK,Single pair,standard,standard,2.0,2
mosaic_8b_CCATTCAGTCTCGTCG,B_VDJ_15_1_7_VJ_69_2_7,11,IGH,IGK,T,T,IGHV1-52,None,IGHJ4,IGKV6-15,IGKJ1,"IGHG1,IGHG3",IGKC,TGTGCAAGATCGGGAGGGCAGCAGTTTTTTATGGACTACTGG,TGTCAGCAATTTTACAGCTATCCTCTAACGTTC,CARSGGQQFFMDYW,CQQFYSYPLTF,IGHV1-52,None,IGHJ4,IGKV6-15,IGKJ1,"IGHG1,IGHG3",IGKC,T,T,8.0,101.0,IGHV1-52,IGKV6-15,None,IGHJ4,IGKJ1,"IGHG1,IGHG3",IGKC,IGHV1-52,None,IGHJ4,IGKV6-15,IGKJ1,IgG,IgG,IGH + IGK,Single pair,standard,standard,4.0,>= 3
mosaic_8b_CCATTCGTCCCCATGC,B_VJ_28_1_1,121,None,IGK,None,T,None,None,None,IGKV1-133,IGKJ1,None,IGKC,None,TGCGTGCAAGGTGCTCATTTTCCTCGGACGTTC,None,CVQGAHFPRTF,None,None,None,IGKV1-133,IGKJ1,None,IGKC,None,T,,53.0,None,IGKV1-133,None,None,IGKJ1,None,IGKC,None,None,None,IGKV1-133,IGKJ1,,,Orphan IGK,Orphan VJ,None,standard,1.0,1
mosaic_8b_CCCAGTACACTGACCA,B_VJ_71_1_5,1,None,IGK,None,T,None,None,None,IGKV4-55,IGKJ5,None,IGKC,None,TGCCAGCAGTGGAATAGTTACCCGCTCACGTTC,None,CQQWNSYPLTF,None,None,None,IGKV4-55,IGKJ5,None,IGKC,None,T,,17.0,None,IGKV4-55,None,None,IGKJ5,None,IGKC,None,None,None,IGKV4-55,IGKJ5,,,Orphan IGK,Orphan VJ,None,standard,25.0,>= 3
mosaic_8b_CCCTGAACAGGTAAAT,B_VDJ_15_1_7_VJ_69_2_7,11,IGH,IGK,T,T,IGHV1-52,None,IGHJ4,IGKV6-15,IGKJ1,"IGHG1,IGHG3",IGKC,TGTGCAAGATCGGGAGGACAGCAGTTTTTTATGGACTACTGG,TGTCAACAATTTTACAGCTTTCCTCTAACGTTC,CARSGGQQFFMDYW,CQQFYSFPLTF,IGHV1-52,None,IGHJ4,IGKV6-15,IGKJ1,"IGHG1,IGHG3",IGKC,T,T,3.0,41.0,IGHV1-52,IGKV6-15,None,IGHJ4,IGKJ1,"IGHG1,IGHG3",IGKC,IGHV1-52,None,IGHJ4,IGKV6-15,IGKJ1,IgG,IgG,IGH + IGK,Single pair,standard,standard,4.0,>= 3
mosaic_8b_CCGAAACTCGTGGTTA,B_VDJ_30_1_3_VJ_18_1_1,24,IGH,IGK,T,T,IGHV14-3,None,IGHJ2,IGKV4-61,IGKJ1,None,IGKC,TGTGCTAAAGAGGACTGGGGCTTTGACTACTGG,TGCCAGCAGTATCATAGTTACTGGACGTTC,CAKEDWGFDYW,CQQYHSYWTF,IGHV14-3,None,IGHJ2,IGKV4-61,IGKJ1,None,IGKC,T,T,11.0,25.0,IGHV14-3,IGKV4-61,None,IGHJ2,IGKJ1,None,IGKC,IGHV14-3,None,IGHJ2,IGKV4-61,IGKJ1,None,None,IGH + IGK,Single pair,standard,standard,2.0,2
mosaic_8b_CCGAATGGTCCAGTAG,B_VDJ_9_1_1_VJ_51_1_1,120,IGH,IGK,T,T,IGHV9-3,None,IGHJ4,IGKV1-135,IGKJ1,IGHM,IGKC,TGTGCAAGGGGGAGGGGCTATGCTATGGACTACTGG,TGCTGGCAAGGTACACATTTTCCTCGGACGTTC,CARGRGYAMDYW,CWQGTHFPRTF,IGHV9-3,None,IGHJ4,IGKV1-135,IGKJ1,IGHM,IGKC,T,T,4.0,1.0,IGHV9-3,IGKV1-135,None,IGHJ4,IGKJ1,IGHM,IGKC,IGHV9-3,None,IGHJ4,IGKV1-135,IGKJ1,IgM,IgM,IGH + IGK,Single pair,standard,standard,1.0,1
mosaic_8b_CCGGACTCAAGTACGA,B_VJ_71_1_5,1,None,IGK,None,T,None,None,None,IGKV4-55,IGKJ5,None,IGKC,None,TGCCAACAGTGGAATAGTTACCCGCTCACGTTC,None,CQQWNSYPLTF,None,None,None,IGKV4-55,IGKJ5,None,IGKC,None,T,,89.0,None,IGKV4-55,None,None,IGKJ5,None,IGKC,None,None,None,IGKV4-55,IGKJ5,,,Orphan IGK,Orphan VJ,None,standard,25.0,>= 3
mosaic_8b_CCGGTTACAAGCAGTA,B_VDJ_6_1_1_VJ_59_1_1,26,IGH,IGK,T,T,IGHV1-78,IGHD1-1,IGHJ3,IGKV12-41,IGKJ2,"IGHG1,IGHG3",IGKC,TGTGCAAGAAATTACTACGGTAGTGGCTTGGCTTACTGG,TGTCAACAGTTTTGGACTATTCCGTACACGTTC,CARNYYGSGLAYW,CQQFWTIPYTF,IGHV1-78,IGHD1-1,IGHJ3,IGKV12-41,IGKJ2,"IGHG1,IGHG3",IGKC,T,T,10.0,61.0,IGHV1-78,IGKV12-41,IGHD1-1,IGHJ3,IGKJ2,"IGHG1,IGHG3",IGKC,IGHV1-78,IGHD1-1,IGHJ3,IGKV12-41,IGKJ2,IgG,IgG,IGH + IGK,Single pair,standard,standard,2.0,2
mosaic_8b_CCGTTAGCAGGTCATT,B_VDJ_55_3_7_VJ_72_1_1,19,IGH,IGK,T,T,IGHV14-3,IGHD1-1,IGHJ4,IGKV15-103,IGKJ1,"IGHG1,IGHG3",IGKC,TGTGTTGTTACTATGGTCCCCTATGCTTTGGACTACTGG,TGTCAACAGGGTCAAAGTTATCCGTGGACGTTC,CVVTMVPYALDYW,CQQGQSYPWTF,IGHV14-3,IGHD1-1,IGHJ4,IGKV15-103,IGKJ1,"IGHG1,IGHG3",IGKC,T,T,14.0,128.0,IGHV14-3,IGKV15-103,IGHD1-1,IGHJ4,IGKJ1,"IGHG1,IGHG3",IGKC,IGHV14-3,IGHD1-1,IGHJ4,IGKV15-103,IGKJ1,IgG,IgG,IGH + IGK,Single pair,standard,standard,3.0,>= 3
mosaic_8b_CCGTTTCCAACCCGAC,B_VJ_71_1_5,1,None,IGK,None,T,None,None,None,IGKV4-55,IGKJ5,None,IGKC,None,TGTCAGCAGTGGAATAGTTACCCGCTCACGTTC,None,CQQWNSYPLTF,None,None,None,IGKV4-55,IGKJ5,None,IGKC,None,T,,13.0,None,IGKV4-55,None,None,IGKJ5,None,IGKC,None,None,None,IGKV4-55,IGKJ5,,,Orphan IGK,Orphan VJ,None,standard,25.0,>= 3
mosaic_8b_CCTATTGGTGGGAGCA,B_VDJ_3_1_1_VJ_3_1_1,23,IGH,IGK,T,T,IGHV1-64,IGHD5-1,IGHJ4,IGKV5-43,IGKJ1,"IGHG1,IGHG3",IGKC,TGTGCAAGATCGAGTACCTACGGGGATGCTATGGACTACTGG,TGTCAACAGAGTAACAGCTGGCCTCGGACGTTC,CARSSTYGDAMDYW,CQQSNSWPRTF,IGHV1-64,IGHD5-1,IGHJ4,IGKV5-43,IGKJ1,"IGHG1,IGHG3",IGKC,T,T,61.0,212.0,IGHV1-64,IGKV5-43,IGHD5-1,IGHJ4,IGKJ1,"IGHG1,IGHG3",IGKC,IGHV1-64,IGHD5-1,IGHJ4,IGKV5-43,IGKJ1,IgG,IgG,IGH + IGK,Single pair,standard,standard,2.0,2
mosaic_8b_CCTGTGGAGATCCAAT,B_VDJ_33_1_3,119,IGH,None,T,None,IGHV1-22,IGHD1-1,IGHJ2,None,None,"IGHG1,IGHG3",None,TGTGCAAGAGAATTTATTACTACGGACTACTTTGACTACTGG,None,CAREFITTDYFDYW,None,IGHV1-22,IGHD1-1,IGHJ2,None,None,"IGHG1,IGHG3",None,T,None,47.0,,IGHV1-22,None,IGHD1-1,IGHJ2,None,"IGHG1,IGHG3",None,IGHV1-22,IGHD1-1,IGHJ2,None,None,IgG,IgG,Orphan IGH,Orphan VDJ,standard,None,1.0,1
mosaic_8b_CGAAACGAGCAAGACG,B_VJ_7_1_1,118,None,IGK,None,T,None,None,None,IGKV8-27,IGKJ2,None,IGKC,None,TGTCATCAATACTTCTCCTCGTACACGTTC,None,CHQYFSSYTF,None,None,None,IGKV8-27,IGKJ2,None,IGKC,None,T,,9.0,None,IGKV8-27,None,None,IGKJ2,None,IGKC,None,None,None,IGKV8-27,IGKJ2,,,Orphan IGK,Orphan VJ,None,standard,1.0,1
mosaic_8b_CGACCTACACTTAGTA,B_VDJ_55_3_6_VJ_72_1_1,7,IGH,IGK,T,T,IGHV14-3,IGHD1-1,IGHJ4,IGKV15-103,IGKJ1,"IGHG1,IGHG3",IGKC,TGTCTTACTACTATGGTCCCCTTTGCTTTGGACTACTGG,TGTCAACAGGGTCAAAGTTATCCGTGGACGTTC,CLTTMVPFALDYW,CQQGQSYPWTF,IGHV14-3,IGHD1-1,IGHJ4,IGKV15-103,IGKJ1,"IGHG1,IGHG3",IGKC,T,T,7.0,31.0,IGHV14-3,IGKV15-103,IGHD1-1,IGHJ4,IGKJ1,"IGHG1,IGHG3",IGKC,IGHV14-3,IGHD1-1,IGHJ4,IGKV15-103,IGKJ1,IgG,IgG,IGH + IGK,Single pair,standard,standard,5.0,>= 3
mosaic_8b_CGACTTCGTGTTCTCA,B_VDJ_58_1_6_VJ_50_1_1,9,IGH,IGK,T,T,IGHV2-3,IGHD1-1,IGHJ1,IGKV4-91,IGKJ5,"IGHG1,IGHG3",IGKC,TGTGCCAAACCGGCTTATTACTACGATAATACCTACTGGTATTTCGATGTCTGG,TGCCAGCAGGGAAGTGGTGTGCCCACGTTC,CAKPAYYYDNTYWYFDVW,CQQGSGVPTF,IGHV2-3,IGHD1-1,IGHJ1,IGKV4-91,IGKJ5,"IGHG1,IGHG3",IGKC,T,T,13.0,32.0,IGHV2-3,IGKV4-91,IGHD1-1,IGHJ1,IGKJ5,"IGHG1,IGHG3",IGKC,IGHV2-3,IGHD1-1,IGHJ1,IGKV4-91,IGKJ5,IgG,IgG,IGH + IGK,Single pair,standard,standard,4.0,>= 3
mosaic_8b_CGAGTAACACTTCGAG,B_VDJ_52_1_1_VJ_34_1_1,31,IGH,IGK,T,T,IGHV1-4,IGHD5,IGHJ2,IGKV1-132,IGKJ2,None,IGKC,TGTGCAAGATCGGACTATAATAACTACGAGGTCTACTTTGACTACTGG,TGCTTCCAAGGTACATATTATCCTCACACGTTC,CARSDYNNYEVYFDYW,CFQGTYYPHTF,IGHV1-4,IGHD5,IGHJ2,IGKV1-132,IGKJ2,None,IGKC,T,T,8.0,98.0,IGHV1-4,IGKV1-132,IGHD5,IGHJ2,IGKJ2,None,IGKC,IGHV1-4,IGHD5,IGHJ2,IGKV1-132,IGKJ2,None,None,IGH + IGK,Single pair,standard,standard,2.0,2
mosaic_8b_CGATCAGGTAAGTGAG,B_VDJ_1_1_2_VJ_15_1_1,116,IGH,IGK,T,T,IGHV2-9-1,None,IGHJ2,IGKV8-30,IGKJ2,"IGHG1,IGHG3",IGKC,TGTGCCAGAATTAGCGGGGAAAATTCCTACGGTTACTTTGACTACTGG,TGTCAGCAATATTATAACTATCCGTACACGTTC,CARISGENSYGYFDYW,CQQYYNYPYTF,IGHV2-9-1,None,IGHJ2,IGKV8-30,IGKJ2,"IGHG1,IGHG3",IGKC,T,T,16.0,71.0,IGHV2-9-1,IGKV8-30,None,IGHJ2,IGKJ2,"IGHG1,IGHG3",IGKC,IGHV2-9-1,None,IGHJ2,IGKV8-30,IGKJ2,IgG,IgG,IGH + IGK,Single pair,standard,standard,1.0,1
mosaic_8b_CGCAGCTCAAACATAA,B_VJ_21_1_1,115,None,IGK,None,T,None,None,None,IGKV5-48,IGKJ5,None,IGKC,None,TGTCAACAAAGTAATAGCTGGCCGCTCACGTTC,None,CQQSNSWPLTF,None,None,None,IGKV5-48,IGKJ5,None,IGKC,None,T,,92.0,None,IGKV5-48,None,None,IGKJ5,None,IGKC,None,None,None,IGKV5-48,IGKJ5,,,Orphan IGK,Orphan VJ,None,standard,1.0,1
mosaic_8b_CGCCCAAAGAGTATTC,B_VDJ_33_1_3_VJ_54_1_2,20,IGH,IGK,T,T,IGHV1-22,IGHD1-1,IGHJ2,IGKV4-50,IGKJ1,"IGHG1,IGHG3",IGKC,TGTGCAAGAGAATTTATTACTACGGACTACTTTGACTACTGG,TGCCTGCAGTTTACTAGTTCCCCATCGTGGACGTTC,CAREFITTDYFDYW,CLQFTSSPSWTF,IGHV1-22,IGHD1-1,IGHJ2,IGKV4-50,IGKJ1,"IGHG1,IGHG3",IGKC,T,T,14.0,105.0,IGHV1-22,IGKV4-50,IGHD1-1,IGHJ2,IGKJ1,"IGHG1,IGHG3",IGKC,IGHV1-22,IGHD1-1,IGHJ2,IGKV4-50,IGKJ1,IgG,IgG,IGH + IGK,Single pair,standard,standard,3.0,>= 3
mosaic_8b_CGCCTACTCCGCTACC,B_VDJ_41_2_2_VJ_19_1_2,114,IGH,IGK,T,T,IGHV1-26,"IGHD2-7,IGHD2-9,IGHD2-2",IGHJ3,IGKV4-68,IGKJ2,None,IGKC,TGTGTAAGGACAGGCGACTATGGTTACGACGGGTTTGCTTACTGG,TGCCAACAGTGGAATAGTGACCCACCCATCACGTTC,CVRTGDYGYDGFAYW,CQQWNSDPPITF,IGHV1-26,"IGHD2-7,IGHD2-9,IGHD2-2",IGHJ3,IGKV4-68,IGKJ2,None,IGKC,T,T,12.0,32.0,IGHV1-26,IGKV4-68,"IGHD2-7,IGHD2-9,IGHD2-2",IGHJ3,IGKJ2,None,IGKC,IGHV1-26,"IGHD2-7,IGHD2-9,IGHD2-2",IGHJ3,IGKV4-68,IGKJ2,None,None,IGH + IGK,Single pair,standard,standard,1.0,1
mosaic_8b_CGCGGATGTGTGTTGG,B_VDJ_30_1_2_VJ_69_2_6,85,IGH,IGK,T,T,IGHV14-3,None,IGHJ2,IGKV6-15,IGKJ1,None,IGKC,TGTGCTAAAGAGGACTGGGGCTTTGACTTCTGG,TGTCAGCAATATTACAGCTATCCTCTAACGTTC,CAKEDWGFDFW,CQQYYSYPLTF,IGHV14-3,None,IGHJ2,IGKV6-15,IGKJ1,None,IGKC,T,T,8.0,38.0,IGHV14-3,IGKV6-15,None,IGHJ2,IGKJ1,None,IGKC,IGHV14-3,None,IGHJ2,IGKV6-15,IGKJ1,None,None,IGH + IGK,Single pair,standard,standard,1.0,1
mosaic_8b_CGGCACATCCACCCGT,B_VDJ_45_1_1_VJ_42_1_1,86,IGH,IGK,T,T,IGHV1-31,"IGHD2-9,IGHD2-4",IGHJ1,IGKV3-12,IGKJ1,IGHM,IGKC,TGTGCAAGAGATTGCCGCTACTATGATTACGACGGCTGGTACTTCGATGTCTGG,TGTCAGCACAGTAGGGAGCTTCCTCCGACGTTC,CARDCRYYDYDGWYFDVW,CQHSRELPPTF,IGHV1-31,"IGHD2-9,IGHD2-4",IGHJ1,IGKV3-12,IGKJ1,IGHM,IGKC,T,T,51.0,79.0,IGHV1-31,IGKV3-12,"IGHD2-9,IGHD2-4",IGHJ1,IGKJ1,IGHM,IGKC,IGHV1-31,"IGHD2-9,IGHD2-4",IGHJ1,IGKV3-12,IGKJ1,IgM,IgM,IGH + IGK,Single pair,standard,standard,1.0,1
mosaic_8b_CGGCTTGAGATGTATC,B_VJ_33_1_1,60,None,IGK,None,T,None,None,None,IGKV13-84,IGKJ2,None,IGKC,None,TGTCAACAGTATTGGAGTACTCCGTACACGTTC,None,CQQYWSTPYTF,None,None,None,IGKV13-84,IGKJ2,None,IGKC,None,T,,5.0,None,IGKV13-84,None,None,IGKJ2,None,IGKC,None,None,None,IGKV13-84,IGKJ2,,,Orphan IGK,Orphan VJ,None,standard,1.0,1
mosaic_8b_CGGTATGGTGTCTCCG,B_VDJ_61_1_4_VJ_41_1_1,5,IGH,IGK,T,T,IGHV8-12,None,IGHJ1,IGKV6-20,IGKJ2,"IGHG1,IGHG3",IGKC,TGTGCTCGAAGAATGAATTACTACTGGTACTTCGATGTCTGG,TGTGGACAGAGTTACAATTATCCGTTCACGTTC,CARRMNYYWYFDVW,CGQSYNYPFTF,IGHV8-12,None,IGHJ1,IGKV6-20,IGKJ2,"IGHG1,IGHG3",IGKC,T,T,3.0,37.0,IGHV8-12,IGKV6-20,None,IGHJ1,IGKJ2,"IGHG1,IGHG3",IGKC,IGHV8-12,None,IGHJ1,IGKV6-20,IGKJ2,IgG,IgG,IGH + IGK,Single pair,standard,standard,5.0,>= 3
mosaic_8b_CGGTCCTTCCCAATTC,B_VDJ_10_1_1_VJ_25_1_1,84,IGH,IGK,T,T,IGHV1-76,"IGHD2-10,IGHD2-11",IGHJ3,IGKV6-32,IGKJ2,"IGHG1,IGHG3",IGKC,TGTGCAAGAACCTACTATGGTAACTACCTTGCTTACTGG,TGTCAGCAGGATTATAGCTCTCCGTACACGTTC,CARTYYGNYLAYW,CQQDYSSPYTF,IGHV1-76,"IGHD2-10,IGHD2-11",IGHJ3,IGKV6-32,IGKJ2,"IGHG1,IGHG3",IGKC,T,T,3.0,1.0,IGHV1-76,IGKV6-32,"IGHD2-10,IGHD2-11",IGHJ3,IGKJ2,"IGHG1,IGHG3",IGKC,IGHV1-76,"IGHD2-10,IGHD2-11",IGHJ3,IGKV6-32,IGKJ2,IgG,IgG,IGH + IGK,Single pair,standard,standard,1.0,1
mosaic_8b_CGTACAATCATGGCCG,B_VDJ_54_1_1_VJ_73_1_1,28,IGH,IGK,T,T,IGHV1-81,IGHD3-2,IGHJ3,IGKV8-30,IGKJ4,IGHM,IGKC,TGTGCAAGATGGACAGCTCAGGCTACTGGGTTTGCTTACTGG,TGTCAGCAATATTATAGCTATCCATTCACGTTC,CARWTAQATGFAYW,CQQYYSYPFTF,IGHV1-81,IGHD3-2,IGHJ3,IGKV8-30,IGKJ4,IGHM,IGKC,T,T,39.0,40.0,IGHV1-81,IGKV8-30,IGHD3-2,IGHJ3,IGKJ4,IGHM,IGKC,IGHV1-81,IGHD3-2,IGHJ3,IGKV8-30,IGKJ4,IgM,IgM,IGH + IGK,Single pair,standard,standard,2.0,2
mosaic_8b_CGTAGCTAGCGCATCG,B_VDJ_26_2_1_VJ_68_1_1,56,IGH,IGK,T,T,IGHV1-80,"IGHD2-9,IGHD2-4",IGHJ3,IGKV9-120,IGKJ1,IGHM,IGKC,TGTGCAAGAGGAGATTACGACGACTGGTTTGCTTACTGG,TGTCTACAATATGCTAGTTCTCCGTGGACGTTC,CARGDYDDWFAYW,CLQYASSPWTF,IGHV1-80,"IGHD2-9,IGHD2-4",IGHJ3,IGKV9-120,IGKJ1,IGHM,IGKC,T,T,36.0,58.0,IGHV1-80,IGKV9-120,"IGHD2-9,IGHD2-4",IGHJ3,IGKJ1,IGHM,IGKC,IGHV1-80,"IGHD2-9,IGHD2-4",IGHJ3,IGKV9-120,IGKJ1,IgM,IgM,IGH + IGK,Single pair,standard,standard,1.0,1
mosaic_8b_CGTATATAGGCAATCC,B_VDJ_15_1_7_VJ_69_2_6,4,IGH,IGK,T,T,IGHV1-52,None,IGHJ4,IGKV6-15,IGKJ1,"IGHG1,IGHG3",IGKC,TGTGCAAGATCGGCAGGACAGCAGTTTTTTATGGACTTCTGG,TGTCAGCAATATTACAGCTATCCTCTAACGTTC,CARSAGQQFFMDFW,CQQYYSYPLTF,IGHV1-52,None,IGHJ4,IGKV6-15,IGKJ1,"IGHG1,IGHG3",IGKC,T,T,6.0,91.0,IGHV1-52,IGKV6-15,None,IGHJ4,IGKJ1,"IGHG1,IGHG3",IGKC,IGHV1-52,None,IGHJ4,IGKV6-15,IGKJ1,IgG,IgG,IGH + IGK,Single pair,standard,standard,7.0,>= 3
mosaic_8b_CGTATATAGGTAATTC,B_VDJ_26_4_1,55,IGH,None,T,None,IGHV1-80,None,IGHJ3,None,None,IGHM,None,TGTGCAAGATTTGCTTACTGG,None,CARFAYW,None,IGHV1-80,None,IGHJ3,None,None,IGHM,None,T,None,3.0,,IGHV1-80,None,None,IGHJ3,None,IGHM,None,IGHV1-80,None,IGHJ3,None,None,IgM,IgM,Orphan IGH,Orphan VDJ,standard,None,1.0,1
mosaic_8b_CGTATCGCAGGATTTC,B_VDJ_58_1_5_VJ_50_1_1,8,IGH,IGK,T,T,IGHV2-3,IGHD5,IGHJ1,IGKV4-91,IGKJ5,"IGHG1,IGHG3",IGKC,TGTGCCAAATCGGCTAATTACTACGATAATACCTACTGGTATTTCGATGTCTGG,TGCCAGCAGGGAAGTGGTATACCCACGTTC,CAKSANYYDNTYWYFDVW,CQQGSGIPTF,IGHV2-3,IGHD5,IGHJ1,IGKV4-91,IGKJ5,"IGHG1,IGHG3",IGKC,T,T,55.0,44.0,IGHV2-3,IGKV4-91,IGHD5,IGHJ1,IGKJ5,"IGHG1,IGHG3",IGKC,IGHV2-3,IGHD5,IGHJ1,IGKV4-91,IGKJ5,IgG,IgG,IGH + IGK,Single pair,standard,standard,4.0,>= 3
mosaic_8b_CGTATCTTCGTAGCAC,B_VDJ_51_1_1_VJ_22_1_1,10,IGH,IGK,T,T,IGHV1-74,None,IGHJ4,IGKV8-28,IGKJ5,"IGHG1,IGHG3",IGKC,TGTGTAACCGGCTATTACTATACTATGGACTACTGG,TGTCAGAATGATCATAGTTATCCGCTCACGTTC,CVTGYYYTMDYW,CQNDHSYPLTF,IGHV1-74,None,IGHJ4,IGKV8-28,IGKJ5,"IGHG1,IGHG3",IGKC,T,T,41.0,80.0,IGHV1-74,IGKV8-28,None,IGHJ4,IGKJ5,"IGHG1,IGHG3",IGKC,IGHV1-74,None,IGHJ4,IGKV8-28,IGKJ5,IgG,IgG,IGH + IGK,Single pair,standard,standard,4.0,>= 3
mosaic_8b_CGTCGGGGTATGTTGA,B_VJ_71_1_5,1,None,IGK,None,T,None,None,None,IGKV4-55,IGKJ5,None,IGKC,None,TGCCAGCAGTGGAATAGTTACCCGCTCACGTTC,None,CQQWNSYPLTF,None,None,None,IGKV4-55,IGKJ5,None,IGKC,None,T,,41.0,None,IGKV4-55,None,None,IGKJ5,None,IGKC,None,None,None,IGKV4-55,IGKJ5,,,Orphan IGK,Orphan VJ,None,standard,25.0,>= 3
mosaic_8b_CGTTATACAACCCATG,B_VDJ_55_3_6_VJ_72_1_1,7,IGH,IGK,T,T,IGHV14-3,IGHD1-1,IGHJ4,IGKV15-103,IGKJ1,"IGHG1,IGHG3",IGKC,TGTCTTACTACTATGGTCCCCTTTACTTTGGACTACTGG,TGTCAACAGGGTCAAAGTTATCCGTGGACGTTC,CLTTMVPFTLDYW,CQQGQSYPWTF,IGHV14-3,IGHD1-1,IGHJ4,IGKV15-103,IGKJ1,"IGHG1,IGHG3",IGKC,T,T,13.0,70.0,IGHV14-3,IGKV15-103,IGHD1-1,IGHJ4,IGKJ1,"IGHG1,IGHG3",IGKC,IGHV14-3,IGHD1-1,IGHJ4,IGKV15-103,IGKJ1,IgG,IgG,IGH + IGK,Single pair,standard,standard,5.0,>= 3
mosaic_8b_CGTTTCAGTAATGTCA,B_VDJ_15_1_8_VJ_69_2_6,3,IGH,IGK,T,T,IGHV1-52,None,IGHJ4,IGKV6-15,IGKJ1,"IGHG1,IGHG3",IGKC,TGTGCAAGATCGGCAGGACAGCAGTTTTTTATGGACTACTGG,TGTCAGCACTATTACAGCTATCCTCTAACGTTC,CARSAGQQFFMDYW,CQHYYSYPLTF,IGHV1-52,None,IGHJ4,IGKV6-15,IGKJ1,"IGHG1,IGHG3",IGKC,T,T,13.0,66.0,IGHV1-52,IGKV6-15,None,IGHJ4,IGKJ1,"IGHG1,IGHG3",IGKC,IGHV1-52,None,IGHJ4,IGKV6-15,IGKJ1,IgG,IgG,IGH + IGK,Single pair,standard,standard,9.0,>= 3
mosaic_8b_CGTTTGAAGATATTGC,B_VDJ_55_3_5_VJ_72_1_1,14,IGH,IGK,T,T,IGHV14-3,"IGHD2-10,IGHD2-1,IGHD2-11",IGHJ4,IGKV15-103,IGKJ1,"IGHG1,IGHG3",IGKC,TGTACTACTACTATGGTCCCCTATGCTTTGGACTACTGG,TGTCAACAGGGTCAAAGTTATCCGTGGACGTTC,CTTTMVPYALDYW,CQQGQSYPWTF,IGHV14-3,"IGHD2-10,IGHD2-1,IGHD2-11",IGHJ4,IGKV15-103,IGKJ1,"IGHG1,IGHG3",IGKC,T,T,16.0,157.0,IGHV14-3,IGKV15-103,"IGHD2-10,IGHD2-1,IGHD2-11",IGHJ4,IGKJ1,"IGHG1,IGHG3",IGKC,IGHV14-3,"IGHD2-10,IGHD2-1,IGHD2-11",IGHJ4,IGKV15-103,IGKJ1,IgG,IgG,IGH + IGK,Single pair,standard,standard,3.0,>= 3
mosaic_8b_CTAAACCCAGTTAATT,B_VDJ_61_1_3_VJ_62_1_1,16,IGH,IGK,T,T,IGHV8-12,None,IGHJ1,IGKV6-20,IGKJ5,"IGHG1,IGHG3",IGKC,TGTGCTCGAAAGGGGAACTACTACTGGTACTTCGATGTCTGG,TGTGGACAGAGTTACACCTATCCGCTCACGTTC,CARKGNYYWYFDVW,CGQSYTYPLTF,IGHV8-12,None,IGHJ1,IGKV6-20,IGKJ5,"IGHG1,IGHG3",IGKC,T,T,22.0,106.0,IGHV8-12,IGKV6-20,None,IGHJ1,IGKJ5,"IGHG1,IGHG3",IGKC,IGHV8-12,None,IGHJ1,IGKV6-20,IGKJ5,IgG,IgG,IGH + IGK,Single pair,standard,standard,3.0,>= 3
mosaic_8b_CTAAATGGTGTTGGGC,B_VDJ_4_1_1_VJ_71_1_3,53,IGH,IGK,T,T,IGHV1-82,None,IGHJ1,IGKV4-55,IGKJ5,"IGHG1,IGHG3",IGKC,TGTGCGGGGGGTAGTATGGGGTTCTTCGATGTCTGG,TGCCAGCAGTGGAATAGTTACCCACCCACGTTC,CAGGSMGFFDVW,CQQWNSYPPTF,IGHV1-82,None,IGHJ1,IGKV4-55,IGKJ5,"IGHG1,IGHG3",IGKC,T,T,16.0,20.0,IGHV1-82,IGKV4-55,None,IGHJ1,IGKJ5,"IGHG1,IGHG3",IGKC,IGHV1-82,None,IGHJ1,IGKV4-55,IGKJ5,IgG,IgG,IGH + IGK,Single pair,standard,standard,1.0,1
mosaic_8b_CTAATTCGTGTACCCT,B_VDJ_55_3_4_VJ_72_1_1,15,IGH,IGK,T,T,IGHV14-3,IGHD1-1,IGHJ4,IGKV15-103,IGKJ1,"IGHG1,IGHG3",IGKC,TGTCTTACTACTATGGTCCCCTATGCTTTGGACTACTGG,TGTCAACAGGGTCAAAGTTATCCGTGGACGTTC,CLTTMVPYALDYW,CQQGQSYPWTF,IGHV14-3,IGHD1-1,IGHJ4,IGKV15-103,IGKJ1,"IGHG1,IGHG3",IGKC,T,T,18.0,37.0,IGHV14-3,IGKV15-103,IGHD1-1,IGHJ4,IGKJ1,"IGHG1,IGHG3",IGKC,IGHV14-3,IGHD1-1,IGHJ4,IGKV15-103,IGKJ1,IgG,IgG,IGH + IGK,Single pair,standard,standard,3.0,>= 3
mosaic_8b_CTAGGCCCACGAACGG,B_VJ_14_1_1,51,None,IGK,None,T,None,None,None,IGKV6-15,IGKJ4,None,IGKC,None,TGTCAGCAATTTAACAGCTATCCTCTCACGTTC,None,CQQFNSYPLTF,None,None,None,IGKV6-15,IGKJ4,None,IGKC,None,T,,3.0,None,IGKV6-15,None,None,IGKJ4,None,IGKC,None,None,None,IGKV6-15,IGKJ4,,,Orphan IGK,Orphan VJ,None,standard,1.0,1
mosaic_8b_CTAGTTCTCCTTGTCG,B_VDJ_18_1_1,50,IGH,None,T,None,IGHV5-2,None,IGHJ4,None,None,"IGHG1,IGHG3",None,TGTGCAAGACATAGTAACCGTTATTACTATGTTATGGACTACTGG,None,CARHSNRYYYVMDYW,None,IGHV5-2,None,IGHJ4,None,None,"IGHG1,IGHG3",None,T,None,3.0,,IGHV5-2,None,None,IGHJ4,None,"IGHG1,IGHG3",None,IGHV5-2,None,IGHJ4,None,None,IgG,IgG,Orphan IGH,Orphan VDJ,standard,None,1.0,1
mosaic_8b_CTATAACAGCCTCACC,B_VJ_69_2_6,22,None,IGK,None,T,None,None,None,IGKV6-15,IGKJ1,None,IGKC,None,TGTCAGCAATATTACAGCTATCCTCTAACGTTC,None,CQQYYSYPLTF,None,None,None,IGKV6-15,IGKJ1,None,IGKC,None,T,,8.0,None,IGKV6-15,None,None,IGKJ1,None,IGKC,None,None,None,IGKV6-15,IGKJ1,,,Orphan IGK,Orphan VJ,None,standard,2.0,2
mosaic_8b_CTATAGTAGCAATGTT,B_VJ_71_1_5,1,None,IGK,None,T,None,None,None,IGKV4-55,IGKJ5,None,IGKC,None,TGCCAGCAGTGGAATAGTTACCCGCTCACGTTC,None,CQQWNSYPLTF,None,None,None,IGKV4-55,IGKJ5,None,IGKC,None,T,,17.0,None,IGKV4-55,None,None,IGKJ5,None,IGKC,None,None,None,IGKV4-55,IGKJ5,,,Orphan IGK,Orphan VJ,None,standard,25.0,>= 3
mosaic_8b_CTCTCGATCCCGCATC,B_VDJ_62_2_1_VJ_66_1_1,49,IGH,IGK,T,T,IGHV2-5,IGHD1-1,IGHJ1,IGKV13-85,IGKJ5,"IGHG1,IGHG3",IGKC,TGTGCCTCCCCTTATTACCACGGTAGTAGCTCGCACTGGTTCTTCGATGTCTGG,TGTCAACAATATTGGAGTTCTCCGCTCACGTTC,CASPYYHGSSSHWFFDVW,CQQYWSSPLTF,IGHV2-5,IGHD1-1,IGHJ1,IGKV13-85,IGKJ5,"IGHG1,IGHG3",IGKC,T,T,34.0,69.0,IGHV2-5,IGKV13-85,IGHD1-1,IGHJ1,IGKJ5,"IGHG1,IGHG3",IGKC,IGHV2-5,IGHD1-1,IGHJ1,IGKV13-85,IGKJ5,IgG,IgG,IGH + IGK,Single pair,standard,standard,1.0,1
mosaic_8b_CTGCATCGTAGGCCCG,B_VJ_71_1_5,1,None,IGK,None,T,None,None,None,IGKV4-55,IGKJ5,None,IGKC,None,TGCCAGCAGTGGAATAGTTACCCGCTCACGTTC,None,CQQWNSYPLTF,None,None,None,IGKV4-55,IGKJ5,None,IGKC,None,T,,25.0,None,IGKV4-55,None,None,IGKJ5,None,IGKC,None,None,None,IGKV4-55,IGKJ5,,,Orphan IGK,Orphan VJ,None,standard,25.0,>= 3
mosaic_8b_CTGCGTACACCCTTCG,B_VDJ_18_1_1_VJ_36_1_1,18,IGH,IGK,T,T,IGHV5-2,None,IGHJ4,IGKV10-96,IGKJ5,"IGHG1,IGHG3",IGKC,TGTGCAAGACATAGTAACCGTTATTACTATGTTATGGACTACTGG,TGCCAACAGGGTAATACACTTCCGCTCACATTC,CARHSNRYYYVMDYW,CQQGNTLPLTF,IGHV5-2,None,IGHJ4,IGKV10-96,IGKJ5,"IGHG1,IGHG3",IGKC,T,T,2.0,13.0,IGHV5-2,IGKV10-96,None,IGHJ4,IGKJ5,"IGHG1,IGHG3",IGKC,IGHV5-2,None,IGHJ4,IGKV10-96,IGKJ5,IgG,IgG,IGH + IGK,Single pair,standard,standard,3.0,>= 3
mosaic_8b_CTGCGTCTCCACTTCG,B_VDJ_22_1_1_VJ_26_1_1,47,IGH,IGK,T,T,IGHV8-12,"IGHD2-9,IGHD2-4",IGHJ2,IGKV6-17,IGKJ1,IGHM,IGKC,TGTGCTCGAAGGGGGATCTACTATGATTACGGGTTTGACTACTGG,TGTCAGCAACATTATAGTACTCCGTGGACGTTC,CARRGIYYDYGFDYW,CQQHYSTPWTF,IGHV8-12,"IGHD2-9,IGHD2-4",IGHJ2,IGKV6-17,IGKJ1,IGHM,IGKC,T,T,25.0,76.0,IGHV8-12,IGKV6-17,"IGHD2-9,IGHD2-4",IGHJ2,IGKJ1,IGHM,IGKC,IGHV8-12,"IGHD2-9,IGHD2-4",IGHJ2,IGKV6-17,IGKJ1,IgM,IgM,IGH + IGK,Single pair,standard,standard,1.0,1
mosaic_8b_CTGTCGCTCAGGGGTA,B_VDJ_56_1_1_VJ_23_1_1,36,IGH,IGL,T,T,IGHV1-53,IGHD1-1,IGHJ3,IGLV2,IGLJ2,None,IGLC2,TGTGCAAGAGGGGGTTACTACGGTAGTAGCTACGCGTTTGCTTACTGG,TGTGCTCTATGGTACAGCACCCATTATGTTTTC,CARGGYYGSSYAFAYW,CALWYSTHYVF,IGHV1-53,IGHD1-1,IGHJ3,IGLV2,IGLJ2,None,IGLC2,T,T,2.0,13.0,IGHV1-53,IGLV2,IGHD1-1,IGHJ3,IGLJ2,None,IGLC2,IGHV1-53,IGHD1-1,IGHJ3,IGLV2,IGLJ2,None,None,IGH + IGL,Single pair,standard,standard,1.0,1
mosaic_8b_CTTAGCAAGCTGCACG,B_VDJ_15_1_7_VJ_69_2_7,11,IGH,IGK,T,T,IGHV1-52,None,IGHJ4,IGKV6-15,IGKJ1,"IGHG1,IGHG3",IGKC,TGTGCAAGATCGGGAGGACAGCAGTTTTTTATGGACTACTGG,TGTCAGCAATTTTACAGCTATCCTCTAACGTTC,CARSGGQQFFMDYW,CQQFYSYPLTF,IGHV1-52,None,IGHJ4,IGKV6-15,IGKJ1,"IGHG1,IGHG3",IGKC,T,T,18.0,221.0,IGHV1-52,IGKV6-15,None,IGHJ4,IGKJ1,"IGHG1,IGHG3",IGKC,IGHV1-52,None,IGHJ4,IGKV6-15,IGKJ1,IgG,IgG,IGH + IGK,Single pair,standard,standard,4.0,>= 3
mosaic_8b_CTTAGGGGTATATGTG,B_VDJ_60_1_1_VJ_38_1_1,46,IGH,IGK,T,T,"IGHV5-6-1,IGHV5-6",None,IGHJ4,IGKV8-27,IGKJ1,IGHM,IGKC,TGTGCAAGACATGAAGGAGACTATGCTATGGACTACTGG,TGTCATCAATACCTCTCCTCGTGGACGTTC,CARHEGDYAMDYW,CHQYLSSWTF,"IGHV5-6-1,IGHV5-6",None,IGHJ4,IGKV8-27,IGKJ1,IGHM,IGKC,T,T,70.0,95.0,"IGHV5-6-1,IGHV5-6",IGKV8-27,None,IGHJ4,IGKJ1,IGHM,IGKC,"IGHV5-6-1,IGHV5-6",None,IGHJ4,IGKV8-27,IGKJ1,IgM,IgM,IGH + IGK,Single pair,standard,standard,1.0,1
mosaic_8b_CTTAGGGGTCGGTGTA,B_VDJ_61_1_4_VJ_41_1_1,5,IGH,IGK,T,T,IGHV8-12,None,IGHJ1,IGKV6-20,IGKJ2,"IGHG1,IGHG3",IGKC,TGTGCTCGAAGAATGAATTACTACTGGTACTTCGATGTCTGG,TGTGGACAGAGTTACAATTATCCGTTCACGTTC,CARRMNYYWYFDVW,CGQSYNYPFTF,IGHV8-12,None,IGHJ1,IGKV6-20,IGKJ2,"IGHG1,IGHG3",IGKC,T,T,1.0,20.0,IGHV8-12,IGKV6-20,None,IGHJ1,IGKJ2,"IGHG1,IGHG3",IGKC,IGHV8-12,None,IGHJ1,IGKV6-20,IGKJ2,IgG,IgG,IGH + IGK,Single pair,standard,standard,5.0,>= 3
mosaic_8b_CTTCTCACACTATCTT,B_VJ_71_1_5,1,None,IGK,None,T,None,None,None,IGKV4-55,IGKJ5,None,IGKC,None,TGCCAGCAGTGGAATAGTTACCCGCTCACGTTC,None,CQQWNSYPLTF,None,None,None,IGKV4-55,IGKJ5,None,IGKC,None,T,,12.0,None,IGKV4-55,None,None,IGKJ5,None,IGKC,None,None,None,IGKV4-55,IGKJ5,,,Orphan IGK,Orphan VJ,None,standard,25.0,>= 3
mosaic_8b_CTTGATGAGATGTATC,B_VDJ_59_1_1_VJ_6_1_1,45,IGH,IGK,T,T,IGHV1-19,IGHD4-1,IGHJ3,IGKV4-53,IGKJ4,IGHM,IGKC,TGTGAAACCCTAACTGGGACGGTTGCTTACTGG,TGTCAACAGTGGAGTAGTTACCCACTCACGTTC,CETLTGTVAYW,CQQWSSYPLTF,IGHV1-19,IGHD4-1,IGHJ3,IGKV4-53,IGKJ4,IGHM,IGKC,T,T,17.0,20.0,IGHV1-19,IGKV4-53,IGHD4-1,IGHJ3,IGKJ4,IGHM,IGKC,IGHV1-19,IGHD4-1,IGHJ3,IGKV4-53,IGKJ4,IgM,IgM,IGH + IGK,Single pair,standard,standard,1.0,1
mosaic_8b_CTTGGCGAGCTACTGA,B_VDJ_32_1_1_VJ_40_1_1,44,IGH,IGK,T,T,IGHV1-69,"IGHD2-1,IGHD2-8",IGHJ4,IGKV4-80,IGKJ1,None,IGKC,TGTGCAAGAGGGGAAAATATCTACTATGGTAACTACTATGTTATGGACTACTGG,TGCCATCAGTGGAGTAGTTATCCATGGACGTTC,CARGENIYYGNYYVMDYW,CHQWSSYPWTF,IGHV1-69,"IGHD2-1,IGHD2-8",IGHJ4,IGKV4-80,IGKJ1,None,IGKC,T,T,5.0,7.0,IGHV1-69,IGKV4-80,"IGHD2-1,IGHD2-8",IGHJ4,IGKJ1,None,IGKC,IGHV1-69,"IGHD2-1,IGHD2-8",IGHJ4,IGKV4-80,IGKJ1,None,None,IGH + IGK,Single pair,standard,standard,1.0,1
mosaic_8b_GCAAAGGTCCTTAGTC,B_VJ_71_1_5,1,None,IGK,None,T,None,None,None,IGKV4-55,IGKJ5,None,IGKC,None,TGCCAGCAGTGGAATAGTTACCCGCTCACGTTC,None,CQQWNSYPLTF,None,None,None,IGKV4-55,IGKJ5,None,IGKC,None,T,,130.0,None,IGKV4-55,None,None,IGKJ5,None,IGKC,None,None,None,IGKV4-55,IGKJ5,,,Orphan IGK,Orphan VJ,None,standard,25.0,>= 3
mosaic_8b_GCAACAGAGGCGTTAC,B_VDJ_58_1_6_VJ_50_1_1,9,IGH,IGK,T,T,IGHV2-3,IGHD1-1,IGHJ1,IGKV4-91,IGKJ5,"IGHG1,IGHG3",IGKC,TGTGCCAAATTGGCTTATTACTACGATAATACCTACTGGTATTTCGATGTCTGG,TGCCAGCAGGGAAGTGGTGTGCCCACGTTC,CAKLAYYYDNTYWYFDVW,CQQGSGVPTF,IGHV2-3,IGHD1-1,IGHJ1,IGKV4-91,IGKJ5,"IGHG1,IGHG3",IGKC,T,T,17.0,50.0,IGHV2-3,IGKV4-91,IGHD1-1,IGHJ1,IGKJ5,"IGHG1,IGHG3",IGKC,IGHV2-3,IGHD1-1,IGHJ1,IGKV4-91,IGKJ5,IgG,IgG,IGH + IGK,Single pair,standard,standard,4.0,>= 3
mosaic_8b_GCAAGGGGTAGACGTT,B_VDJ_36_1_1,43,IGH,None,T,None,IGHV1-74,IGHD2-6,IGHJ3,None,None,None,None,TGTGTAATGACCTACTATAGTAACTACGGTTTTGCTTACTGG,None,CVMTYYSNYGFAYW,None,IGHV1-74,IGHD2-6,IGHJ3,None,None,None,None,T,None,12.0,,IGHV1-74,None,IGHD2-6,IGHJ3,None,None,None,IGHV1-74,IGHD2-6,IGHJ3,None,None,None,None,Orphan IGH,Orphan VDJ,standard,None,1.0,1
mosaic_8b_GCAATTTAGGGGCTAA,B_VDJ_61_1_4_VJ_41_1_1,5,IGH,IGK,T,T,IGHV8-12,None,IGHJ1,IGKV6-20,IGKJ2,"IGHG1,IGHG3",IGKC,TGTGCTCGAAGAGTGAATTACTACTGGTTCTTCGATGTCTGG,TGTGGACAGAGTTACAGTTATCCGTTCACGTTC,CARRVNYYWFFDVW,CGQSYSYPFTF,IGHV8-12,None,IGHJ1,IGKV6-20,IGKJ2,"IGHG1,IGHG3",IGKC,T,T,16.0,50.0,IGHV8-12,IGKV6-20,None,IGHJ1,IGKJ2,"IGHG1,IGHG3",IGKC,IGHV8-12,None,IGHJ1,IGKV6-20,IGKJ2,IgG,IgG,IGH + IGK,Single pair,standard,standard,5.0,>= 3
mosaic_8b_GCACTAATCACAGATT,B_VDJ_41_1_1_VJ_16_1_1,42,IGH,IGL,T,T,IGHV1-26,None,IGHJ3,IGLV1,IGLJ1,IGHM,None,TGTGCAAGATCGGGGGGGTTTGCTTACTGG,TGTGCTCTATGGTACAGCAACCATTGGGTGTTC,CARSGGFAYW,CALWYSNHWVF,IGHV1-26,None,IGHJ3,IGLV1,IGLJ1,IGHM,None,T,T,26.0,43.0,IGHV1-26,IGLV1,None,IGHJ3,IGLJ1,IGHM,None,IGHV1-26,None,IGHJ3,IGLV1,IGLJ1,IgM,IgM,IGH + IGL,Single pair,standard,standard,1.0,1
mosaic_8b_GCAGTAACACCACAGC,B_VJ_36_1_1,41,None,IGK,None,T,None,None,None,IGKV10-96,IGKJ5,None,IGKC,None,TGCCAACAGGGTAATACACTTCCGCTCACATTC,None,CQQGNTLPLTF,None,None,None,IGKV10-96,IGKJ5,None,IGKC,None,T,,4.0,None,IGKV10-96,None,None,IGKJ5,None,IGKC,None,None,None,IGKV10-96,IGKJ5,,,Orphan IGK,Orphan VJ,None,standard,1.0,1
mosaic_8b_GCAGTGTTCCATAACG,B_VDJ_15_1_8_VJ_69_2_6,3,IGH,IGK,T,T,IGHV1-52,None,IGHJ4,IGKV6-15,IGKJ1,"IGHG1,IGHG3",IGKC,TGTGGAAGATCGGCAGGACAGCAGTTTTTTATGGACTACTGG,TGTCAGCAATATTACAGCTATCCTCTAACGTTC,CGRSAGQQFFMDYW,CQQYYSYPLTF,IGHV1-52,None,IGHJ4,IGKV6-15,IGKJ1,"IGHG1,IGHG3",IGKC,T,T,15.0,232.0,IGHV1-52,IGKV6-15,None,IGHJ4,IGKJ1,"IGHG1,IGHG3",IGKC,IGHV1-52,None,IGHJ4,IGKV6-15,IGKJ1,IgG,IgG,IGH + IGK,Single pair,standard,standard,9.0,>= 3
mosaic_8b_GCATAAGCAGTCGGAG,B_VDJ_55_3_8_VJ_72_1_1,40,IGH,IGK,T,T,IGHV14-3,None,IGHJ4,IGKV15-103,IGKJ1,"IGHG1,IGHG3",IGKC,TGTGTTGTCACTATGGTCCCCTATGGTTTGGACCACTGG,TGTCAACAGGGTCAAAGTTATCCGTGGACGTTC,CVVTMVPYGLDHW,CQQGQSYPWTF,IGHV14-3,None,IGHJ4,IGKV15-103,IGKJ1,"IGHG1,IGHG3",IGKC,T,T,10.0,51.0,IGHV14-3,IGKV15-103,None,IGHJ4,IGKJ1,"IGHG1,IGHG3",IGKC,IGHV14-3,None,IGHJ4,IGKV15-103,IGKJ1,IgG,IgG,IGH + IGK,Single pair,standard,standard,1.0,1
mosaic_8b_GCCCTATGTCAATTAG,B_VDJ_48_1_1_VJ_29_1_1,39,IGH,IGK,T,T,IGHV14-1,"IGHD2-5,IGHD2-6",IGHJ3,IGKV8-19,IGKJ5,IGHM,IGKC,TGTACTACAGAAGACTATAGTAACCCGCGGTTTGCTTACTGG,TGTCAGAATGATTATAGTTATCCTCTCACGTTC,CTTEDYSNPRFAYW,CQNDYSYPLTF,IGHV14-1,"IGHD2-5,IGHD2-6",IGHJ3,IGKV8-19,IGKJ5,IGHM,IGKC,T,T,63.0,50.0,IGHV14-1,IGKV8-19,"IGHD2-5,IGHD2-6",IGHJ3,IGKJ5,IGHM,IGKC,IGHV14-1,"IGHD2-5,IGHD2-6",IGHJ3,IGKV8-19,IGKJ5,IgM,IgM,IGH + IGK,Single pair,standard,standard,1.0,1
mosaic_8b_GCCCTGAAGATAGTGA,B_VDJ_18_1_1_VJ_36_1_1,18,IGH,IGK,T,T,IGHV5-2,None,IGHJ4,IGKV10-96,IGKJ5,"IGHG1,IGHG3",IGKC,TGTGCAAGACATAGTAACCGTTATTTCTATGTTATGGACTACTGG,TGCCAACAGGGTAATACACTTCCGCTCACATTC,CARHSNRYFYVMDYW,CQQGNTLPLTF,IGHV5-2,None,IGHJ4,IGKV10-96,IGKJ5,"IGHG1,IGHG3",IGKC,T,T,12.0,66.0,IGHV5-2,IGKV10-96,None,IGHJ4,IGKJ5,"IGHG1,IGHG3",IGKC,IGHV5-2,None,IGHJ4,IGKV10-96,IGKJ5,IgG,IgG,IGH + IGK,Single pair,standard,standard,3.0,>= 3
mosaic_8b_GCCTGCAAGGGGAGCT,B_VDJ_41_2_2_VJ_19_1_1,6,IGH,IGK,T,T,IGHV1-26,"IGHD2-7,IGHD2-9,IGHD2-2",IGHJ3,IGKV4-68,IGKJ2,None,IGKC,TGTGCAAGGACAGGCGACTATGGTTACGACGGGTTTGCTTACTGG,TGCCAGCAGTGGAGTAGTAACCCACCCATCACGTTC,CARTGDYGYDGFAYW,CQQWSSNPPITF,IGHV1-26,"IGHD2-7,IGHD2-9,IGHD2-2",IGHJ3,IGKV4-68,IGKJ2,None,IGKC,T,T,4.0,16.0,IGHV1-26,IGKV4-68,"IGHD2-7,IGHD2-9,IGHD2-2",IGHJ3,IGKJ2,None,IGKC,IGHV1-26,"IGHD2-7,IGHD2-9,IGHD2-2",IGHJ3,IGKV4-68,IGKJ2,None,None,IGH + IGK,Single pair,standard,standard,5.0,>= 3
mosaic_8b_GCCTGCCGTGGTGTAT,B_VDJ_13_1_1_VJ_45_1_1,38,IGH,IGK,T,T,IGHV1-64,IGHD1-1,IGHJ1,IGKV17-121,IGKJ2,IGHM,IGKC,TGTGCAAGATCTCGATATTACTACGGTAGTAGCGTTTGGTACTTCGATGTCTGG,TGTTTGCAAAGTGATAACTTGCCGTACACGTTC,CARSRYYYGSSVWYFDVW,CLQSDNLPYTF,IGHV1-64,IGHD1-1,IGHJ1,IGKV17-121,IGKJ2,IGHM,IGKC,T,T,40.0,88.0,IGHV1-64,IGKV17-121,IGHD1-1,IGHJ1,IGKJ2,IGHM,IGKC,IGHV1-64,IGHD1-1,IGHJ1,IGKV17-121,IGKJ2,IgM,IgM,IGH + IGK,Single pair,standard,standard,1.0,1
mosaic_8b_GCGAATGAGCTGACGT,B_VDJ_15_1_6_VJ_69_2_6,21,IGH,IGK,T,T,IGHV1-52,None,IGHJ4,IGKV6-15,IGKJ1,"IGHG1,IGHG3",IGKC,TGTGCAAGATCGGGAGGGCAGCAGTTTTTTATGGACTCCTGG,TGTCAGCAATATTACAGCTATCCTCTAACGTTC,CARSGGQQFFMDSW,CQQYYSYPLTF,IGHV1-52,None,IGHJ4,IGKV6-15,IGKJ1,"IGHG1,IGHG3",IGKC,T,T,14.0,156.0,IGHV1-52,IGKV6-15,None,IGHJ4,IGKJ1,"IGHG1,IGHG3",IGKC,IGHV1-52,None,IGHJ4,IGKV6-15,IGKJ1,IgG,IgG,IGH + IGK,Single pair,standard,standard,3.0,>= 3
mosaic_8b_GCGGAGTAGACGCGAA,B_VDJ_20_1_1_VJ_12_1_1,37,IGH,IGK,T,T,IGHV1-18,None,IGHJ1,IGKV14-111,IGKJ4,IGHM,IGKC,TGTGCAAGACGGGACTGGGACGACTGGTACTTCGATGTCTGG,TGTCTACAGTATGATGAGTTTCCATTCACGTTC,CARRDWDDWYFDVW,CLQYDEFPFTF,IGHV1-18,None,IGHJ1,IGKV14-111,IGKJ4,IGHM,IGKC,T,T,32.0,68.0,IGHV1-18,IGKV14-111,None,IGHJ1,IGKJ4,IGHM,IGKC,IGHV1-18,None,IGHJ1,IGKV14-111,IGKJ4,IgM,IgM,IGH + IGK,Single pair,standard,standard,1.0,1
mosaic_8b_GCGTAACTCGCGCAAT,B_VJ_71_1_5,1,None,IGK,None,T,None,None,None,IGKV4-55,IGKJ5,None,IGKC,None,TGCCAGCAGTGGAATAGTTACCCGCTCACGTTC,None,CQQWNSYPLTF,None,None,None,IGKV4-55,IGKJ5,None,IGKC,None,T,,24.0,None,IGKV4-55,None,None,IGKJ5,None,IGKC,None,None,None,IGKV4-55,IGKJ5,,,Orphan IGK,Orphan VJ,None,standard,25.0,>= 3
mosaic_8b_GCGTCGATCCCTATAC,B_VDJ_27_1_1_VJ_24_1_4,12,IGH,IGK,T,T,IGHV1-74,IGHD1-1,IGHJ2,IGKV10-94,IGKJ2,None,IGKC,TGTGCAATGGGCTACGGTAGTGGCTTTGACTACTGG,TGTCAGCAGTATAGTAAACTTCCGTACACGTTC,CAMGYGSGFDYW,CQQYSKLPYTF,IGHV1-74,IGHD1-1,IGHJ2,IGKV10-94,IGKJ2,None,IGKC,T,T,4.0,6.0,IGHV1-74,IGKV10-94,IGHD1-1,IGHJ2,IGKJ2,None,IGKC,IGHV1-74,IGHD1-1,IGHJ2,IGKV10-94,IGKJ2,None,None,IGH + IGK,Single pair,standard,standard,4.0,>= 3
mosaic_8b_GCGTGCTCACAACATC,B_VDJ_59_2_1_VJ_45_1_1,58,IGH,IGK,T,T,IGHV1-19,None,IGHJ3,IGKV17-121,IGKJ2,None,IGKC,TGTGCCGGGGACTATAGTGACTCCTGGTTTGCTTACTGG,TGTTTGCAAAGTGATAACTTGCCGTACACGTTC,CAGDYSDSWFAYW,CLQSDNLPYTF,IGHV1-19,None,IGHJ3,IGKV17-121,IGKJ2,None,IGKC,T,T,8.0,67.0,IGHV1-19,IGKV17-121,None,IGHJ3,IGKJ2,None,IGKC,IGHV1-19,None,IGHJ3,IGKV17-121,IGKJ2,None,None,IGH + IGK,Single pair,standard,standard,1.0,1
mosaic_8b_GCTCAACAGATTCAGT,B_VDJ_55_1_1_VJ_30_1_1,48,IGH,IGK,T,T,IGHV14-3,None,IGHJ4,IGKV17-121,IGKJ4,IGHM,IGKC,TGTGCTAATGCGATAGATGCTATGGACTACTGG,TGTTTGCAAAGTGATAACTTGCCATTCACGTTC,CANAIDAMDYW,CLQSDNLPFTF,IGHV14-3,None,IGHJ4,IGKV17-121,IGKJ4,IGHM,IGKC,T,T,224.0,306.0,IGHV14-3,IGKV17-121,None,IGHJ4,IGKJ4,IGHM,IGKC,IGHV14-3,None,IGHJ4,IGKV17-121,IGKJ4,IgM,IgM,IGH + IGK,Single pair,standard,standard,1.0,1
mosaic_8b_GCTCGGGGTACGGATT,B_VDJ_47_1_1,59,IGH,None,T,None,IGHV6-6,"IGHD2-7,IGHD2-9,IGHD2-2",IGHJ3,None,None,None,None,TGTACCGGTCTATGGTTACGACGGACGGCGTTTGCTTACTGG,None,CTGLWLRRTAFAYW,None,IGHV6-6,"IGHD2-7,IGHD2-9,IGHD2-2",IGHJ3,None,None,None,None,T,None,3.0,,IGHV6-6,None,"IGHD2-7,IGHD2-9,IGHD2-2",IGHJ3,None,None,None,IGHV6-6,"IGHD2-7,IGHD2-9,IGHD2-2",IGHJ3,None,None,None,None,Orphan IGH,Orphan VDJ,standard,None,1.0,1
mosaic_8b_GCTTCGACACTTATCT,B_VDJ_33_1_3_VJ_54_1_1,73,IGH,IGK,T,T,IGHV1-22,None,IGHJ2,IGKV4-50,IGKJ1,"IGHG1,IGHG3",IGKC,TGTGCAAGAGAATTTATTTCTACGGACTACTTTGACTACTGG,TGCCAGCACTTTACTAGTTCCCCTTCGTTGACGTTC,CAREFISTDYFDYW,CQHFTSSPSLTF,IGHV1-22,None,IGHJ2,IGKV4-50,IGKJ1,"IGHG1,IGHG3",IGKC,T,T,29.0,39.0,IGHV1-22,IGKV4-50,None,IGHJ2,IGKJ1,"IGHG1,IGHG3",IGKC,IGHV1-22,None,IGHJ2,IGKV4-50,IGKJ1,IgG,IgG,IGH + IGK,Single pair,standard,standard,1.0,1
mosaic_8b_GCTTGACAGACAAGAC,B_VDJ_15_1_8_VJ_69_2_6,3,IGH,IGK,T,T,IGHV1-52,None,IGHJ4,IGKV6-15,IGKJ1,"IGHG1,IGHG3",IGKC,TGTGCAAGATCGGCAGGGCAGCAGTTTTTTATGGACTACTGG,TGTCAGCAATATTACAGCTATCCTCTAACGTTC,CARSAGQQFFMDYW,CQQYYSYPLTF,IGHV1-52,None,IGHJ4,IGKV6-15,IGKJ1,"IGHG1,IGHG3",IGKC,T,T,18.0,190.0,IGHV1-52,IGKV6-15,None,IGHJ4,IGKJ1,"IGHG1,IGHG3",IGKC,IGHV1-52,None,IGHJ4,IGKV6-15,IGKJ1,IgG,IgG,IGH + IGK,Single pair,standard,standard,9.0,>= 3
mosaic_8b_GCTTGCGAGCTAGTCA,B_VDJ_8_1_1_VJ_17_1_1,17,IGH,IGK,T,T,IGHV1-7,IGHD2-3,IGHJ2,IGKV2-137,IGKJ5,"IGHG1,IGHG3",IGKC,TGTGCAAGAGAGGTGTCCTATGATGGTCCTTTTGACCACTGG,TGTATACAACATCTAGAATATCCTTTCACGTTC,CAREVSYDGPFDHW,CIQHLEYPFTF,IGHV1-7,IGHD2-3,IGHJ2,IGKV2-137,IGKJ5,"IGHG1,IGHG3",IGKC,T,T,6.0,63.0,IGHV1-7,IGKV2-137,IGHD2-3,IGHJ2,IGKJ5,"IGHG1,IGHG3",IGKC,IGHV1-7,IGHD2-3,IGHJ2,IGKV2-137,IGKJ5,IgG,IgG,IGH + IGK,Single pair,standard,standard,3.0,>= 3
mosaic_8b_GCTTGTAAGCATTAGT,B_VDJ_41_2_2_VJ_19_1_1,6,IGH,IGK,T,T,IGHV1-26,"IGHD2-7,IGHD2-9,IGHD2-2",IGHJ3,IGKV4-68,IGKJ2,None,IGKC,TGTGCAAGGACAGGCGACTATGGTTACGACGGGTTTGCTTACTGG,TGCCAGCAGTGGAGTAGTAACCCACCCATCACGTTC,CARTGDYGYDGFAYW,CQQWSSNPPITF,IGHV1-26,"IGHD2-7,IGHD2-9,IGHD2-2",IGHJ3,IGKV4-68,IGKJ2,None,IGKC,T,T,16.0,28.0,IGHV1-26,IGKV4-68,"IGHD2-7,IGHD2-9,IGHD2-2",IGHJ3,IGKJ2,None,IGKC,IGHV1-26,"IGHD2-7,IGHD2-9,IGHD2-2",IGHJ3,IGKV4-68,IGKJ2,None,None,IGH + IGK,Single pair,standard,standard,5.0,>= 3
mosaic_8b_GGAAAGGCACCTGCAA,B_VDJ_49_1_1_VJ_43_1_1,83,IGH,IGK,T,T,IGHV1-15,None,IGHJ3,IGKV1-110,IGKJ5,IGHM,IGKC,TGTACAAGAGACCCATTTGCTTACTGG,TGCTCTCAAAGTACACATGTTCCCACGTTC,CTRDPFAYW,CSQSTHVPTF,IGHV1-15,None,IGHJ3,IGKV1-110,IGKJ5,IGHM,IGKC,T,T,23.0,47.0,IGHV1-15,IGKV1-110,None,IGHJ3,IGKJ5,IGHM,IGKC,IGHV1-15,None,IGHJ3,IGKV1-110,IGKJ5,IgM,IgM,IGH + IGK,Single pair,standard,standard,1.0,1
mosaic_8b_GGAAAGGCAGCCAACC,B_VDJ_55_3_7_VJ_72_1_1,19,IGH,IGK,T,T,IGHV14-3,IGHD1-1,IGHJ4,IGKV15-103,IGKJ1,"IGHG1,IGHG3",IGKC,TGTGTTGTTACTATGGTCCCCTATGCTTTGGACTACTGG,TGTCAACAGGGTCAAAGTTATCCGTGGACGTTC,CVVTMVPYALDYW,CQQGQSYPWTF,IGHV14-3,IGHD1-1,IGHJ4,IGKV15-103,IGKJ1,"IGHG1,IGHG3",IGKC,T,T,6.0,31.0,IGHV14-3,IGKV15-103,IGHD1-1,IGHJ4,IGKJ1,"IGHG1,IGHG3",IGKC,IGHV14-3,IGHD1-1,IGHJ4,IGKV15-103,IGKJ1,IgG,IgG,IGH + IGK,Single pair,standard,standard,3.0,>= 3
mosaic_8b_GGAATCTGTCGCTCTG,B_VDJ_15_1_7_VJ_69_2_6,4,IGH,IGK,T,T,IGHV1-52,None,IGHJ4,IGKV6-15,IGKJ1,"IGHG1,IGHG3",IGKC,TGTGCACGATCGGGAGGGCAGCAGTTTTTTATGGACTACTGG,TGTCAGCACTATTACAGCTATCCTCTAACGTGC,CARSGGQQFFMDYW,CQHYYSYPLTC,IGHV1-52,None,IGHJ4,IGKV6-15,IGKJ1,"IGHG1,IGHG3",IGKC,T,T,6.0,84.0,IGHV1-52,IGKV6-15,None,IGHJ4,IGKJ1,"IGHG1,IGHG3",IGKC,IGHV1-52,None,IGHJ4,IGKV6-15,IGKJ1,IgG,IgG,IGH + IGK,Single pair,standard,standard,7.0,>= 3
mosaic_8b_GGAGCTAAGCATTACG,B_VDJ_15_1_8_VJ_69_2_6,3,IGH,IGK,T,T,IGHV1-52,None,IGHJ4,IGKV6-15,IGKJ1,"IGHG1,IGHG3",IGKC,TGTGCAAGATCGGCAGGACAGCAGTTTTTTATGGACTACTGG,TGTCAGCAATATTACAGCTATCCTCTAACGTTC,CARSAGQQFFMDYW,CQQYYSYPLTF,IGHV1-52,None,IGHJ4,IGKV6-15,IGKJ1,"IGHG1,IGHG3",IGKC,T,T,2.0,29.0,IGHV1-52,IGKV6-15,None,IGHJ4,IGKJ1,"IGHG1,IGHG3",IGKC,IGHV1-52,None,IGHJ4,IGKV6-15,IGKJ1,IgG,IgG,IGH + IGK,Single pair,standard,standard,9.0,>= 3
mosaic_8b_GGATAAGGTGTCGCCC,B_VJ_3_1_1,82,None,IGK,None,T,None,None,None,IGKV5-43,IGKJ1,None,IGKC,None,TGTCAACAGAGTAACAACTGGCCTCGGACGTTC,None,CQQSNNWPRTF,None,None,None,IGKV5-43,IGKJ1,None,IGKC,None,T,,18.0,None,IGKV5-43,None,None,IGKJ1,None,IGKC,None,None,None,IGKV5-43,IGKJ1,,,Orphan IGK,Orphan VJ,None,standard,1.0,1
mosaic_8b_GGATCGCGTCAGTTCC,B_VJ_71_1_5,1,None,IGK,None,T,None,None,None,IGKV4-55,IGKJ5,None,IGKC,None,TGCCAGCAGTGGAATAGTTTCCCGCTCACGTTC,None,CQQWNSFPLTF,None,None,None,IGKV4-55,IGKJ5,None,IGKC,None,T,,35.0,None,IGKV4-55,None,None,IGKJ5,None,IGKC,None,None,None,IGKV4-55,IGKJ5,,,Orphan IGK,Orphan VJ,None,standard,25.0,>= 3
mosaic_8b_GGATGTTGTCACGAAT,B_VDJ_55_3_6_VJ_72_1_1,7,IGH,IGK,T,T,IGHV14-3,IGHD1-1,IGHJ4,IGKV15-103,IGKJ1,"IGHG1,IGHG3",IGKC,TGTCTTACTACTATGGTCCCCTTTGCTTTGGACTACTGG,TGTCAACAGGGTCAAAGTTATCCGTGGACGTTC,CLTTMVPFALDYW,CQQGQSYPWTF,IGHV14-3,IGHD1-1,IGHJ4,IGKV15-103,IGKJ1,"IGHG1,IGHG3",IGKC,T,T,19.0,77.0,IGHV14-3,IGKV15-103,IGHD1-1,IGHJ4,IGKJ1,"IGHG1,IGHG3",IGKC,IGHV14-3,IGHD1-1,IGHJ4,IGKV15-103,IGKJ1,IgG,IgG,IGH + IGK,Single pair,standard,standard,5.0,>= 3
mosaic_8b_GGCCAATTCAACAGGG,B_VDJ_34_1_1_VJ_49_1_1,81,IGH,IGK,T,T,IGHV5-4,IGHD1-1,IGHJ2,IGKV6-23,IGKJ2,IGHM,IGKC,TGTGCAAGAGATCTAGGCTACGGTAGTAGCTACGACTACTGG,TGTCAGCAATATAGCAGCTATCCGTACACGTTC,CARDLGYGSSYDYW,CQQYSSYPYTF,IGHV5-4,IGHD1-1,IGHJ2,IGKV6-23,IGKJ2,IGHM,IGKC,T,T,38.0,52.0,IGHV5-4,IGKV6-23,IGHD1-1,IGHJ2,IGKJ2,IGHM,IGKC,IGHV5-4,IGHD1-1,IGHJ2,IGKV6-23,IGKJ2,IgM,IgM,IGH + IGK,Single pair,standard,standard,1.0,1
mosaic_8b_GGCGAAATCAGTGAAA,B_VJ_71_1_5,1,None,IGK,None,T,None,None,None,IGKV4-55,IGKJ5,None,IGKC,None,TGCCAGCAGTGGAATAGTTTCCCGCTCACGTTC,None,CQQWNSFPLTF,None,None,None,IGKV4-55,IGKJ5,None,IGKC,None,T,,12.0,None,IGKV4-55,None,None,IGKJ5,None,IGKC,None,None,None,IGKV4-55,IGKJ5,,,Orphan IGK,Orphan VJ,None,standard,25.0,>= 3
mosaic_8b_GGCGAACAGCACGGTT,B_VJ_72_1_1,13,None,IGK,None,T,None,None,None,IGKV15-103,IGKJ1,None,IGKC,None,TGTCAACAGGGTCAAAGTTATCCGTGGACGTTC,None,CQQGQSYPWTF,None,None,None,IGKV15-103,IGKJ1,None,IGKC,None,T,,25.0,None,IGKV15-103,None,None,IGKJ1,None,IGKC,None,None,None,IGKV15-103,IGKJ1,,,Orphan IGK,Orphan VJ,None,standard,3.0,>= 3
mosaic_8b_GGCTATGGTCGTTAAA,B_VDJ_55_3_5_VJ_72_1_1,14,IGH,IGK,T,T,IGHV14-3,"IGHD2-10,IGHD2-1,IGHD2-11",IGHJ4,IGKV15-103,IGKJ1,"IGHG1,IGHG3",IGKC,TGTACTACTACTATGGTCCCCTATGCTTTGGACTACTGG,TGTCAACAGGGTCAAAGTTATCCGTGGACGTTC,CTTTMVPYALDYW,CQQGQSYPWTF,IGHV14-3,"IGHD2-10,IGHD2-1,IGHD2-11",IGHJ4,IGKV15-103,IGKJ1,"IGHG1,IGHG3",IGKC,T,T,9.0,39.0,IGHV14-3,IGKV15-103,"IGHD2-10,IGHD2-1,IGHD2-11",IGHJ4,IGKJ1,"IGHG1,IGHG3",IGKC,IGHV14-3,"IGHD2-10,IGHD2-1,IGHD2-11",IGHJ4,IGKV15-103,IGKJ1,IgG,IgG,IGH + IGK,Single pair,standard,standard,3.0,>= 3
mosaic_8b_GGCTTCGAGCCTCGAG,B_VDJ_57_1_1_VJ_53_1_2,32,IGH,IGK,T,T,IGHV1-49,None,IGHJ4,IGKV8-30,IGKJ1,"IGHG1,IGHG3",IGKC,TGTGCAAGAGACTTTATGGGTGCTATGGACTACTGG,TGTCAGCAATATTTTAGCTATCCTCGGACGTTC,CARDFMGAMDYW,CQQYFSYPRTF,IGHV1-49,None,IGHJ4,IGKV8-30,IGKJ1,"IGHG1,IGHG3",IGKC,T,T,31.0,74.0,IGHV1-49,IGKV8-30,None,IGHJ4,IGKJ1,"IGHG1,IGHG3",IGKC,IGHV1-49,None,IGHJ4,IGKV8-30,IGKJ1,IgG,IgG,IGH + IGK,Single pair,standard,standard,2.0,2
mosaic_8b_GGCTTGGTCATGGCCG,B_VDJ_55_3_4_VJ_72_1_1,15,IGH,IGK,T,T,IGHV14-3,None,IGHJ4,IGKV15-103,IGKJ1,"IGHG1,IGHG3",IGKC,TGTCTTACTCCTATGGTCCCCTATGCTTTGGACTACTGG,TGTCAACAGGGTCAAAGTTATCCGTGGACGTTC,CLTPMVPYALDYW,CQQGQSYPWTF,IGHV14-3,None,IGHJ4,IGKV15-103,IGKJ1,"IGHG1,IGHG3",IGKC,T,T,5.0,54.0,IGHV14-3,IGKV15-103,None,IGHJ4,IGKJ1,"IGHG1,IGHG3",IGKC,IGHV14-3,None,IGHJ4,IGKV15-103,IGKJ1,IgG,IgG,IGH + IGK,Single pair,standard,standard,3.0,>= 3
mosaic_8b_GGGCGATAGGTCCAAC,B_VDJ_36_1_1_VJ_32_1_1,2,IGH,IGK,T,T,IGHV1-74,IGHD2-6,IGHJ3,IGKV3-12,IGKJ5,None,IGKC,TGTGTAATGACCTACTATAGTAACTACGGTTTTGCTTACTGG,TGTCAGCACAGTAGGGAGCTTCCGCTCACGTTC,CVMTYYSNYGFAYW,CQHSRELPLTF,IGHV1-74,IGHD2-6,IGHJ3,IGKV3-12,IGKJ5,None,IGKC,T,T,9.0,8.0,IGHV1-74,IGKV3-12,IGHD2-6,IGHJ3,IGKJ5,None,IGKC,IGHV1-74,IGHD2-6,IGHJ3,IGKV3-12,IGKJ5,None,None,IGH + IGK,Single pair,standard,standard,9.0,>= 3
mosaic_8b_GGGCTAGCACGATGGG,B_VDJ_39_1_1_VJ_52_1_1,80,IGH,IGK,T,T,IGHV1-64,None,IGHJ2,IGKV5-39,IGKJ2,"IGHG1,IGHG3",IGKC,TGTGCAAGATCGGACCTACGGTATTACCACTTTGACTACTGG,TGTCAAAATGGTCACAGCTTTCCGTACACGTTC,CARSDLRYYHFDYW,CQNGHSFPYTF,IGHV1-64,None,IGHJ2,IGKV5-39,IGKJ2,"IGHG1,IGHG3",IGKC,T,T,13.0,73.0,IGHV1-64,IGKV5-39,None,IGHJ2,IGKJ2,"IGHG1,IGHG3",IGKC,IGHV1-64,None,IGHJ2,IGKV5-39,IGKJ2,IgG,IgG,IGH + IGK,Single pair,standard,standard,1.0,1
mosaic_8b_GGTGTGCGTGGGCAAG,B_VDJ_55_2_1_VJ_31_1_1|B_VDJ_55_2_1_VJ_70_1_1,78|79,IGH,IGK|IGK,T,T|T,IGHV14-3,IGHD1-1,IGHJ4,IGKV5-43|IGKV6-13,IGKJ5|IGKJ5,"IGHG1,IGHG3",IGKC|IGKC,TGTGCTAGTATTTATTACTACGATGGTTTATCCAATTACTATGCTCTGGACTACTGG,TGTCAGCAGATTAACAGCTGGCTCACGTTC|TGCCAGCAATATAGCAGCTTTCCTCTCACTTTC,CASIYYYDGLSNYYALDYW,CQQINSWLTF|CQQYSSFPLTF,IGHV14-3,IGHD1-1,IGHJ4,IGKV5-43|IGKV6-13,IGKJ5|IGKJ5,"IGHG1,IGHG3",IGKC|IGKC,T,T|T,13.0,101.0,IGHV14-3,IGKV5-43,IGHD1-1,IGHJ4,IGKJ5,"IGHG1,IGHG3",IGKC,IGHV14-3,IGHD1-1,IGHJ4,IGKV5-43,IGKJ5,IgG,IgG,IGH + Extra VJ,Extra pair,standard,standard,1.0,1
mosaic_8b_GGTTAGTGTCGGGTAC,B_VDJ_11_1_1_VJ_55_1_1,77,IGH,IGK,T,T,IGHV1-81,IGHD3-2,IGHJ4,IGKV10-96,IGKJ1,IGHM,IGKC,TGTGCAAGAGAGAGACAGCTCAGCTATGCTATGGACTACTGG,TGCCAACAGGGTAATACGCTTCCGTGGACGTTC,CARERQLSYAMDYW,CQQGNTLPWTF,IGHV1-81,IGHD3-2,IGHJ4,IGKV10-96,IGKJ1,IGHM,IGKC,T,T,16.0,5.0,IGHV1-81,IGKV10-96,IGHD3-2,IGHJ4,IGKJ1,IGHM,IGKC,IGHV1-81,IGHD3-2,IGHJ4,IGKV10-96,IGKJ1,IgM,IgM,IGH + IGK,Single pair,standard,standard,1.0,1
mosaic_8b_GGTTCAGGTGTTGGAT,B_VJ_53_1_2,76,None,IGK,None,T,None,None,None,IGKV8-30,IGKJ1,None,IGKC,None,TGTCAGCAATATTTTAGCTATCCTCGGACGTTC,None,CQQYFSYPRTF,None,None,None,IGKV8-30,IGKJ1,None,IGKC,None,T,,43.0,None,IGKV8-30,None,None,IGKJ1,None,IGKC,None,None,None,IGKV8-30,IGKJ1,,,Orphan IGK,Orphan VJ,None,standard,1.0,1
mosaic_8b_GGTTCGAGTAACGCAT,B_VDJ_41_2_3_VJ_19_1_1,29,IGH,IGK,T,T,IGHV1-26,"IGHD2-7,IGHD2-9,IGHD2-2",IGHJ3,IGKV4-68,IGKJ2,None,IGKC,TGTGCAAGGACAGGCGACTATGGTTACGACGGGCTTGCTTACTGG,TGCCAGCAGTGGAGTAGTAACCCACCCATCACGTTC,CARTGDYGYDGLAYW,CQQWSSNPPITF,IGHV1-26,"IGHD2-7,IGHD2-9,IGHD2-2",IGHJ3,IGKV4-68,IGKJ2,None,IGKC,T,T,14.0,25.0,IGHV1-26,IGKV4-68,"IGHD2-7,IGHD2-9,IGHD2-2",IGHJ3,IGKJ2,None,IGKC,IGHV1-26,"IGHD2-7,IGHD2-9,IGHD2-2",IGHJ3,IGKV4-68,IGKJ2,None,None,IGH + IGK,Single pair,standard,standard,2.0,2
mosaic_8b_GGTTGCCCAAATCTAT,B_VDJ_27_1_1_VJ_24_1_3,74,IGH,IGK,T,T,IGHV1-74,IGHD1-1,IGHJ2,IGKV10-94,IGKJ2,None,IGKC,TGTGCAATGGGCTACGGTAGTGGCTTTGATTATTGG,TGTCAACAATATAATAAACTTCCGTACACATTC,CAMGYGSGFDYW,CQQYNKLPYTF,IGHV1-74,IGHD1-1,IGHJ2,IGKV10-94,IGKJ2,None,IGKC,T,T,15.0,44.0,IGHV1-74,IGKV10-94,IGHD1-1,IGHJ2,IGKJ2,None,IGKC,IGHV1-74,IGHD1-1,IGHJ2,IGKV10-94,IGKJ2,None,None,IGH + IGK,Single pair,standard,standard,1.0,1
mosaic_8b_GGTTGCCCACGCTTTC,B_VDJ_50_1_1_VJ_46_1_1,30,IGH,IGK,T,T,IGHV6-3,IGHD4-1,IGHJ1,IGKV3-7,IGKJ2,IGHM,IGKC,TGCACAGTTAACTGGGACGGCTGGTACTTCGATGTCTGG,TGTCAGCACAGTTGGGAGATTCCGTACACGTTC,CTVNWDGWYFDVW,CQHSWEIPYTF,IGHV6-3,IGHD4-1,IGHJ1,IGKV3-7,IGKJ2,IGHM,IGKC,T,T,84.0,117.0,IGHV6-3,IGKV3-7,IGHD4-1,IGHJ1,IGKJ2,IGHM,IGKC,IGHV6-3,IGHD4-1,IGHJ1,IGKV3-7,IGKJ2,IgM,IgM,IGH + IGK,Single pair,standard,standard,2.0,2
mosaic_8b_GGTTGGGCAATGATCC,B_VDJ_21_1_1_VJ_66_1_1,61,IGH,IGK,T,T,IGHV2-2,None,IGHJ1,IGKV13-85,IGKJ5,"IGHG1,IGHG3",IGKC,TGTACCATAAAGGCTCCTGGGACGGGGTGGTACTTCGATGTCTGG,TGTCAACAGTATTGGAGTAGTCCGCTCACGTTC,CTIKAPGTGWYFDVW,CQQYWSSPLTF,IGHV2-2,None,IGHJ1,IGKV13-85,IGKJ5,"IGHG1,IGHG3",IGKC,T,T,46.0,49.0,IGHV2-2,IGKV13-85,None,IGHJ1,IGKJ5,"IGHG1,IGHG3",IGKC,IGHV2-2,None,IGHJ1,IGKV13-85,IGKJ5,IgG,IgG,IGH + IGK,Single pair,standard,standard,1.0,1
mosaic_8b_GGTTGGTTCAAGCTTG,B_VJ_71_1_5,1,None,IGK,None,T,None,None,None,IGKV4-55,IGKJ5,None,IGKC,None,TGCCAGCAGTGGAATAGTTACCCGCTCACGTTC,None,CQQWNSYPLTF,None,None,None,IGKV4-55,IGKJ5,None,IGKC,None,T,,27.0,None,IGKV4-55,None,None,IGKJ5,None,IGKC,None,None,None,IGKV4-55,IGKJ5,,,Orphan IGK,Orphan VJ,None,standard,25.0,>= 3
mosaic_8b_GGTTTGGGTAAGTCTA,B_VDJ_15_1_9_VJ_47_1_1,71,IGH,IGK,T,T,IGHV1-52,None,IGHJ4,IGKV1-117,IGKJ5,"IGHG1,IGHG3",IGKC,TGTGCAAGTGATGGCCTTAATTACTATGGTATGGCCTACTGG,TGCTTTCAAGGTTCACATGTTCCGGTCACGTTC,CASDGLNYYGMAYW,CFQGSHVPVTF,IGHV1-52,None,IGHJ4,IGKV1-117,IGKJ5,"IGHG1,IGHG3",IGKC,T,T,5.0,45.0,IGHV1-52,IGKV1-117,None,IGHJ4,IGKJ5,"IGHG1,IGHG3",IGKC,IGHV1-52,None,IGHJ4,IGKV1-117,IGKJ5,IgG,IgG,IGH + IGK,Single pair,standard,standard,1.0,1
mosaic_8b_GTAATTGGTCTAACGG,B_VDJ_58_1_6_VJ_50_1_1,9,IGH,IGK,T,T,IGHV2-3,IGHD1-1,IGHJ1,IGKV4-91,IGKJ5,"IGHG1,IGHG3",IGKC,TGTGCCAAACCGGCTTATTACTACGATAATACCTACTGGTATTTCGATGTCTGG,TGCCAGCAGGGAAGTGGTGTGCCCACGTTC,CAKPAYYYDNTYWYFDVW,CQQGSGVPTF,IGHV2-3,IGHD1-1,IGHJ1,IGKV4-91,IGKJ5,"IGHG1,IGHG3",IGKC,T,T,9.0,68.0,IGHV2-3,IGKV4-91,IGHD1-1,IGHJ1,IGKJ5,"IGHG1,IGHG3",IGKC,IGHV2-3,IGHD1-1,IGHJ1,IGKV4-91,IGKJ5,IgG,IgG,IGH + IGK,Single pair,standard,standard,4.0,>= 3
mosaic_8b_GTAGAACAGAGTCCCG,B_VDJ_43_1_1_VJ_48_1_1,70,IGH,IGK,T,T,IGHV1-18,"IGHD2-9,IGHD2-4",IGHJ3,IGKV6-14,IGKJ2,IGHM,IGKC,TGTGCAAGAGGAGGGGGCTATGATTACGACGGGTTTGCTTACTGG,TGTCTGCAACATTGGAATTATCCGTACACGTTC,CARGGGYDYDGFAYW,CLQHWNYPYTF,IGHV1-18,"IGHD2-9,IGHD2-4",IGHJ3,IGKV6-14,IGKJ2,IGHM,IGKC,T,T,32.0,49.0,IGHV1-18,IGKV6-14,"IGHD2-9,IGHD2-4",IGHJ3,IGKJ2,IGHM,IGKC,IGHV1-18,"IGHD2-9,IGHD2-4",IGHJ3,IGKV6-14,IGKJ2,IgM,IgM,IGH + IGK,Single pair,standard,standard,1.0,1
mosaic_8b_GTAGAGTAGATCTTGG,B_VDJ_55_3_5_VJ_72_1_1,14,IGH,IGK,T,T,IGHV14-3,"IGHD2-1,IGHD1-1,IGHD2-10",IGHJ4,IGKV15-103,IGKJ1,"IGHG1,IGHG3",IGKC,TGTACTAGTACTATGGTCCCCTATGCTTTGGACTACTGG,TGTCAACAGGGTCACAGTTATCCGTGGACGTTC,CTSTMVPYALDYW,CQQGHSYPWTF,IGHV14-3,"IGHD2-1,IGHD1-1,IGHD2-10",IGHJ4,IGKV15-103,IGKJ1,"IGHG1,IGHG3",IGKC,T,T,8.0,48.0,IGHV14-3,IGKV15-103,"IGHD2-1,IGHD1-1,IGHD2-10",IGHJ4,IGKJ1,"IGHG1,IGHG3",IGKC,IGHV14-3,"IGHD2-1,IGHD1-1,IGHD2-10",IGHJ4,IGKV15-103,IGKJ1,IgG,IgG,IGH + IGK,Single pair,standard,standard,3.0,>= 3
mosaic_8b_GTAGCGCGTCGACTCT,B_VJ_71_1_5,1,None,IGK,None,T,None,None,None,IGKV4-55,IGKJ5,None,IGKC,None,TGCCAGCAGTGGAATAGTTACCCGCTCACGTTC,None,CQQWNSYPLTF,None,None,None,IGKV4-55,IGKJ5,None,IGKC,None,T,,38.0,None,IGKV4-55,None,None,IGKJ5,None,IGKC,None,None,None,IGKV4-55,IGKJ5,,,Orphan IGK,Orphan VJ,None,standard,25.0,>= 3
mosaic_8b_GTAGTGTGTCATTAAG,B_VDJ_14_1_1_VJ_33_1_1,69,IGH,IGK,T,T,IGHV6-3,IGHD2-3,IGHJ2,IGKV13-84,IGKJ2,IGHM,IGKC,TGCACAGGCCCCCTGATCTATGATGGTTACTACCCCTACTTTGACTACTGG,TGTCAACAGTATTGGAGTACTCCGTACACGTTC,CTGPLIYDGYYPYFDYW,CQQYWSTPYTF,IGHV6-3,IGHD2-3,IGHJ2,IGKV13-84,IGKJ2,IGHM,IGKC,T,T,24.0,56.0,IGHV6-3,IGKV13-84,IGHD2-3,IGHJ2,IGKJ2,IGHM,IGKC,IGHV6-3,IGHD2-3,IGHJ2,IGKV13-84,IGKJ2,IgM,IgM,IGH + IGK,Single pair,standard,standard,1.0,1
mosaic_8b_GTCCCGCGTCAAAGCT,B_VDJ_41_2_2_VJ_19_1_1,6,IGH,IGK,T,T,IGHV1-26,"IGHD2-7,IGHD2-9,IGHD2-2",IGHJ3,IGKV4-68,IGKJ2,None,IGKC,TGTGCAAGGACAGGCGACTATGGTTACGACGGGTTTGCTTACTGG,TGCCAGCAGTGGAGTAGTAACCCACCCATCACGTTC,CARTGDYGYDGFAYW,CQQWSSNPPITF,IGHV1-26,"IGHD2-7,IGHD2-9,IGHD2-2",IGHJ3,IGKV4-68,IGKJ2,None,IGKC,T,T,19.0,90.0,IGHV1-26,IGKV4-68,"IGHD2-7,IGHD2-9,IGHD2-2",IGHJ3,IGKJ2,None,IGKC,IGHV1-26,"IGHD2-7,IGHD2-9,IGHD2-2",IGHJ3,IGKV4-68,IGKJ2,None,None,IGH + IGK,Single pair,standard,standard,5.0,>= 3
mosaic_8b_GTCGATGGTCGCTCGC,B_VJ_71_1_5,1,None,IGK,None,T,None,None,None,IGKV4-55,IGKJ5,None,IGKC,None,TGCCAGCAGTGGAATAGTTACCCGCTCACGTTC,None,CQQWNSYPLTF,None,None,None,IGKV4-55,IGKJ5,None,IGKC,None,T,,70.0,None,IGKV4-55,None,None,IGKJ5,None,IGKC,None,None,None,IGKV4-55,IGKJ5,,,Orphan IGK,Orphan VJ,None,standard,25.0,>= 3
mosaic_8b_GTCGGAGCACCCACAA,B_VDJ_17_1_1_VJ_56_1_1,68,IGH,IGK,T,T,IGHV9-1,None,IGHJ4,IGKV17-127,IGKJ5,IGHM,IGKC,TGTGTAAACGGAGCGGGTTATGCTATGGACTACTGG,TGTTTGCAAAGTGATAACATGCCGCTCACGTTC,CVNGAGYAMDYW,CLQSDNMPLTF,IGHV9-1,None,IGHJ4,IGKV17-127,IGKJ5,IGHM,IGKC,T,T,29.0,71.0,IGHV9-1,IGKV17-127,None,IGHJ4,IGKJ5,IGHM,IGKC,IGHV9-1,None,IGHJ4,IGKV17-127,IGKJ5,IgM,IgM,IGH + IGK,Single pair,standard,standard,1.0,1
mosaic_8b_GTCTCCGGTATACGGT,B_VDJ_44_1_1_VJ_10_1_1,67,IGH,IGK,T,T,IGHV1-54,None,IGHJ2,IGKV17-127,IGKJ4,"IGHG1,IGHG3",IGKC,TGTGCAAGACCGGCTACGGGATATGGTTACTTCTTTGCCTACTGG,TGTTTGCAAAGTGATGACATGCCTCTCACGTTC,CARPATGYGYFFAYW,CLQSDDMPLTF,IGHV1-54,None,IGHJ2,IGKV17-127,IGKJ4,"IGHG1,IGHG3",IGKC,T,T,41.0,475.0,IGHV1-54,IGKV17-127,None,IGHJ2,IGKJ4,"IGHG1,IGHG3",IGKC,IGHV1-54,None,IGHJ2,IGKV17-127,IGKJ4,IgG,IgG,IGH + IGK,Single pair,standard,standard,1.0,1
mosaic_8b_GTCTGCGAGATGGGAT,B_VDJ_15_1_8_VJ_69_2_6,3,IGH,IGK,T,T,IGHV1-52,None,IGHJ4,IGKV6-15,IGKJ1,"IGHG1,IGHG3",IGKC,TGTGCAAGATCGGCAGGACAGCAGTTTTTTATGGACTACTGG,TGTCAGCAATATTACAGCTATCCTCTAACGTTC,CARSAGQQFFMDYW,CQQYYSYPLTF,IGHV1-52,None,IGHJ4,IGKV6-15,IGKJ1,"IGHG1,IGHG3",IGKC,T,T,17.0,116.0,IGHV1-52,IGKV6-15,None,IGHJ4,IGKJ1,"IGHG1,IGHG3",IGKC,IGHV1-52,None,IGHJ4,IGKV6-15,IGKJ1,IgG,IgG,IGH + IGK,Single pair,standard,standard,9.0,>= 3
mosaic_8b_GTCTGCGAGCGGTCCA,B_VJ_71_1_5,1,None,IGK,None,T,None,None,None,IGKV4-55,IGKJ5,None,IGKC,None,TGCCAGCAGTGGAATAGTTACCCGCTCACGTTC,None,CQQWNSYPLTF,None,None,None,IGKV4-55,IGKJ5,None,IGKC,None,T,,77.0,None,IGKV4-55,None,None,IGKJ5,None,IGKC,None,None,None,IGKV4-55,IGKJ5,,,Orphan IGK,Orphan VJ,None,standard,25.0,>= 3
mosaic_8b_GTCTGGTAGGCCTGCA,B_VDJ_41_2_2_VJ_19_1_1,6,IGH,IGK,T,T,IGHV1-26,"IGHD2-7,IGHD2-9,IGHD2-2",IGHJ3,IGKV4-68,IGKJ2,None,IGKC,TGTACAAGGACAGGCGACTATGGTTACGACGGGTTTGCTTACTGG,TGCCAGCAGTGGAGTAGTAACCCACCCATCACGTTC,CTRTGDYGYDGFAYW,CQQWSSNPPITF,IGHV1-26,"IGHD2-7,IGHD2-9,IGHD2-2",IGHJ3,IGKV4-68,IGKJ2,None,IGKC,T,T,20.0,20.0,IGHV1-26,IGKV4-68,"IGHD2-7,IGHD2-9,IGHD2-2",IGHJ3,IGKJ2,None,IGKC,IGHV1-26,"IGHD2-7,IGHD2-9,IGHD2-2",IGHJ3,IGKV4-68,IGKJ2,None,None,IGH + IGK,Single pair,standard,standard,5.0,>= 3
mosaic_8b_GTCTTACTCATTCAAA,B_VDJ_2_1_1_VJ_60_1_1,66,IGH,IGK,T,T,IGHV1-69,None,IGHJ2,IGKV1-117,IGKJ1,"IGHG1,IGHG3",IGKC,TGTGCAAGAAGAAATTACGACGGGGCTGACTACTGG,TGTTTTCAAGGTTCACATGTTCCGTGGACGTTC,CARRNYDGADYW,CFQGSHVPWTF,IGHV1-69,None,IGHJ2,IGKV1-117,IGKJ1,"IGHG1,IGHG3",IGKC,T,T,3.0,42.0,IGHV1-69,IGKV1-117,None,IGHJ2,IGKJ1,"IGHG1,IGHG3",IGKC,IGHV1-69,None,IGHJ2,IGKV1-117,IGKJ1,IgG,IgG,IGH + IGK,Single pair,standard,standard,1.0,1
mosaic_8b_GTCTTCGTCCCTGGCT,B_VDJ_50_1_1_VJ_46_1_1,30,IGH,IGK,T,T,IGHV6-3,IGHD4-1,IGHJ1,IGKV3-7,IGKJ2,IGHM,IGKC,TGCACAGTTAACTGGGACGGCTGGTACTTCGATGTGTGG,TGTCAGCACAGTTGGGAGATTCCGTACACGTTC,CTVNWDGWYFDVW,CQHSWEIPYTF,IGHV6-3,IGHD4-1,IGHJ1,IGKV3-7,IGKJ2,IGHM,IGKC,T,T,50.0,67.0,IGHV6-3,IGKV3-7,IGHD4-1,IGHJ1,IGKJ2,IGHM,IGKC,IGHV6-3,IGHD4-1,IGHJ1,IGKV3-7,IGKJ2,IgM,IgM,IGH + IGK,Single pair,standard,standard,2.0,2
mosaic_8b_GTGGCATTCGGTTCAA,B_VDJ_33_1_3_VJ_54_1_2,20,IGH,IGK,T,T,IGHV1-22,None,IGHJ2,IGKV4-50,IGKJ1,"IGHG1,IGHG3",IGKC,TGTGCAAGAGAATTTATTTCTACGGACTACTTTGACTACTGG,TGCCTGCAGTTTACTAGTTCCCCATCGTGGACGTTC,CAREFISTDYFDYW,CLQFTSSPSWTF,IGHV1-22,None,IGHJ2,IGKV4-50,IGKJ1,"IGHG1,IGHG3",IGKC,T,T,5.0,30.0,IGHV1-22,IGKV4-50,None,IGHJ2,IGKJ1,"IGHG1,IGHG3",IGKC,IGHV1-22,None,IGHJ2,IGKV4-50,IGKJ1,IgG,IgG,IGH + IGK,Single pair,standard,standard,3.0,>= 3
mosaic_8b_GTGTAAGCAGGGCGTA,B_VDJ_41_2_3_VJ_19_1_1,29,IGH,IGK,T,T,IGHV1-26,None,IGHJ3,IGKV4-68,IGKJ2,None,IGKC,TGTGCAAGGACAGGCGACTTTGGTTGCGACGGGCTTGCTTACTGG,TGCCAGCAGTGGACTAGTAACCCACCCATCACGTTC,CARTGDFGCDGLAYW,CQQWTSNPPITF,IGHV1-26,None,IGHJ3,IGKV4-68,IGKJ2,None,IGKC,T,T,9.0,17.0,IGHV1-26,IGKV4-68,None,IGHJ3,IGKJ2,None,IGKC,IGHV1-26,None,IGHJ3,IGKV4-68,IGKJ2,None,None,IGH + IGK,Single pair,standard,standard,2.0,2
mosaic_8b_GTGTACATCCTCAGGG,B_VDJ_36_1_1_VJ_32_1_1,2,IGH,IGK,T,T,IGHV1-74,IGHD2-6,IGHJ3,IGKV3-12,IGKJ5,None,IGKC,TGTGTAATGACCTACTATAGTAACTACGGTTTTGCTTACTGG,TGTCAGCACAGTGGGGAGCTTCCGCTCACGTTC,CVMTYYSNYGFAYW,CQHSGELPLTF,IGHV1-74,IGHD2-6,IGHJ3,IGKV3-12,IGKJ5,None,IGKC,T,T,12.0,54.0,IGHV1-74,IGKV3-12,IGHD2-6,IGHJ3,IGKJ5,None,IGKC,IGHV1-74,IGHD2-6,IGHJ3,IGKV3-12,IGKJ5,None,None,IGH + IGK,Single pair,standard,standard,9.0,>= 3
mosaic_8b_GTGTAGTGTCTCGCCA,B_VJ_71_1_2,65,None,IGK,None,T,None,None,None,IGKV4-55,IGKJ5,None,IGKC,None,TGCCAGCAGTGGAATACTTACCCGCTCACGTTC,None,CQQWNTYPLTF,None,None,None,IGKV4-55,IGKJ5,None,IGKC,None,T,,69.0,None,IGKV4-55,None,None,IGKJ5,None,IGKC,None,None,None,IGKV4-55,IGKJ5,,,Orphan IGK,Orphan VJ,None,standard,1.0,1
mosaic_8b_GTGTTAAGTGTTGTAA,B_VDJ_58_1_6_VJ_50_1_1,9,IGH,IGK,T,T,IGHV2-3,IGHD5,IGHJ1,IGKV4-91,IGKJ5,"IGHG1,IGHG3",IGKC,TGTGCCAAACCGGCTTATTCCTACGATAATACCTACTGGTATTTCGATGTCTGG,TGCCAGCAGGGAAGTGGTGTGCCCACGTTC,CAKPAYSYDNTYWYFDVW,CQQGSGVPTF,IGHV2-3,IGHD5,IGHJ1,IGKV4-91,IGKJ5,"IGHG1,IGHG3",IGKC,T,T,28.0,86.0,IGHV2-3,IGKV4-91,IGHD5,IGHJ1,IGKJ5,"IGHG1,IGHG3",IGKC,IGHV2-3,IGHD5,IGHJ1,IGKV4-91,IGKJ5,IgG,IgG,IGH + IGK,Single pair,standard,standard,4.0,>= 3
mosaic_8b_GTGTTGGGTCATTAAG,B_VDJ_51_1_1_VJ_22_1_1,10,IGH,IGK,T,T,IGHV1-74,None,IGHJ4,IGKV8-28,IGKJ5,"IGHG1,IGHG3",IGKC,TGTGTAACCGGCTATTACTATACTATGGACTACTGG,TGTCAGAATGATCATAGTTATCCGCTCACGTTC,CVTGYYYTMDYW,CQNDHSYPLTF,IGHV1-74,None,IGHJ4,IGKV8-28,IGKJ5,"IGHG1,IGHG3",IGKC,T,T,6.0,36.0,IGHV1-74,IGKV8-28,None,IGHJ4,IGKJ5,"IGHG1,IGHG3",IGKC,IGHV1-74,None,IGHJ4,IGKV8-28,IGKJ5,IgG,IgG,IGH + IGK,Single pair,standard,standard,4.0,>= 3
mosaic_8b_GTTAACCCAAGGACTA,B_VDJ_54_1_1_VJ_73_1_1,28,IGH,IGK,T,T,IGHV1-81,IGHD3-2,IGHJ3,IGKV8-30,IGKJ4,IGHM,IGKC,TGTGCAAGATGGACAGCTCAGGCTACTGGGTTTGCTTACTGG,TGTCAGCAATATTATAGCTATCCATTCACGTTC,CARWTAQATGFAYW,CQQYYSYPFTF,IGHV1-81,IGHD3-2,IGHJ3,IGKV8-30,IGKJ4,IGHM,IGKC,T,T,26.0,26.0,IGHV1-81,IGKV8-30,IGHD3-2,IGHJ3,IGKJ4,IGHM,IGKC,IGHV1-81,IGHD3-2,IGHJ3,IGKV8-30,IGKJ4,IgM,IgM,IGH + IGK,Single pair,standard,standard,2.0,2
mosaic_8b_GTTACTACAGGGTCTC,B_VDJ_2_2_1_VJ_28_1_1,64,IGH,IGK,T,T,IGHV1-69,None,IGHJ2,IGKV1-133,IGKJ1,"IGHG1,IGHG3",IGKC,TGTGCAAGAGGGGCTTATAGTAATTCCTTTGACTACTGG,TGCGTGCAAGGTACACATTTTCCTCGGACGTTC,CARGAYSNSFDYW,CVQGTHFPRTF,IGHV1-69,None,IGHJ2,IGKV1-133,IGKJ1,"IGHG1,IGHG3",IGKC,T,T,8.0,63.0,IGHV1-69,IGKV1-133,None,IGHJ2,IGKJ1,"IGHG1,IGHG3",IGKC,IGHV1-69,None,IGHJ2,IGKV1-133,IGKJ1,IgG,IgG,IGH + IGK,Single pair,standard,standard,1.0,1
mosaic_8b_GTTACTCTCAGCAATT,B_VDJ_15_1_7_VJ_69_2_6,4,IGH,IGK,T,T,IGHV1-52,None,IGHJ4,IGKV6-15,IGKJ1,"IGHG1,IGHG3",IGKC,TGTGCAAGATCGGGAGGGCAGCAGTTTTTTATGGACTACTGG,TGTCAGCAATATTACAGCTATCCTCTAACGTTC,CARSGGQQFFMDYW,CQQYYSYPLTF,IGHV1-52,None,IGHJ4,IGKV6-15,IGKJ1,"IGHG1,IGHG3",IGKC,T,T,12.0,52.0,IGHV1-52,IGKV6-15,None,IGHJ4,IGKJ1,"IGHG1,IGHG3",IGKC,IGHV1-52,None,IGHJ4,IGKV6-15,IGKJ1,IgG,IgG,IGH + IGK,Single pair,standard,standard,7.0,>= 3
mosaic_8b_GTTAGCGGTCTATCGC,B_VDJ_61_1_3_VJ_62_1_1,16,IGH,IGK,T,T,IGHV8-12,None,IGHJ1,IGKV6-20,IGKJ5,"IGHG1,IGHG3",IGKC,TGTGCTCGAAAGGGGAACTACTACTGGTACTTCGATGTCTGG,TGTGGACAGAGTTACACCTATCCGCTCACGTTC,CARKGNYYWYFDVW,CGQSYTYPLTF,IGHV8-12,None,IGHJ1,IGKV6-20,IGKJ5,"IGHG1,IGHG3",IGKC,T,T,2.0,105.0,IGHV8-12,IGKV6-20,None,IGHJ1,IGKJ5,"IGHG1,IGHG3",IGKC,IGHV8-12,None,IGHJ1,IGKV6-20,IGKJ5,IgG,IgG,IGH + IGK,Single pair,standard,standard,3.0,>= 3
mosaic_8b_GTTCAGGGTCACGGCG,B_VDJ_27_1_2_VJ_24_1_4,63,IGH,IGK,T,T,IGHV1-74,IGHD1-1,IGHJ2,IGKV10-94,IGKJ2,None,IGKC,TGTACAATGGGCTACGGTAGTGGCTTTGACTTCTGG,TGTCAGCAATATAGTAAACTTCCGTACACGTTC,CTMGYGSGFDFW,CQQYSKLPYTF,IGHV1-74,IGHD1-1,IGHJ2,IGKV10-94,IGKJ2,None,IGKC,T,T,21.0,58.0,IGHV1-74,IGKV10-94,IGHD1-1,IGHJ2,IGKJ2,None,IGKC,IGHV1-74,IGHD1-1,IGHJ2,IGKV10-94,IGKJ2,None,None,IGH + IGK,Single pair,standard,standard,1.0,1
mosaic_8b_GTTCATCTCCTCCGAC,B_VJ_61_1_1,62,None,IGK,None,T,None,None,None,IGKV14-126,IGKJ2,None,IGKC,None,TGTCTACAGCATGGTGAGAGCCCTCCCACGTTC,None,CLQHGESPPTF,None,None,None,IGKV14-126,IGKJ2,None,IGKC,None,T,,67.0,None,IGKV14-126,None,None,IGKJ2,None,IGKC,None,None,None,IGKV14-126,IGKJ2,,,Orphan IGK,Orphan VJ,None,standard,1.0,1
mosaic_8b_GTTCGCGAGGCACCCA,B_VDJ_15_1_8_VJ_69_2_6,3,IGH,IGK,T,T,IGHV1-52,None,IGHJ4,IGKV6-15,IGKJ1,"IGHG1,IGHG3",IGKC,TGTGCAAGATCGGCAGGACAGCAGTTTTTTATGGACTACTGG,TGTCAGCAATATTACAGCTATCCTCTAACGTTC,CARSAGQQFFMDYW,CQQYYSYPLTF,IGHV1-52,None,IGHJ4,IGKV6-15,IGKJ1,"IGHG1,IGHG3",IGKC,T,T,15.0,105.0,IGHV1-52,IGKV6-15,None,IGHJ4,IGKJ1,"IGHG1,IGHG3",IGKC,IGHV1-52,None,IGHJ4,IGKV6-15,IGKJ1,IgG,IgG,IGH + IGK,Single pair,standard,standard,9.0,>= 3
mosaic_8b_GTTGACATCACGCGTG,B_VJ_69_2_7,135,None,IGK,None,T,None,None,None,IGKV6-15,IGKJ1,None,IGKC,None,TGTCAGCAATTTTACAGCTATCCTCTAACGTTC,None,CQQFYSYPLTF,None,None,None,IGKV6-15,IGKJ1,None,IGKC,None,T,,9.0,None,IGKV6-15,None,None,IGKJ1,None,IGKC,None,None,None,IGKV6-15,IGKJ1,,,Orphan IGK,Orphan VJ,None,standard,1.0,1
mosaic_8b_GTTGCGCCACTCCACT,B_VDJ_55_3_4_VJ_72_1_1,15,IGH,IGK,T,T,IGHV14-3,IGHD1-1,IGHJ4,IGKV15-103,IGKJ1,"IGHG1,IGHG3",IGKC,TGTCTTACTACTATGGTCCCCTATGCTTTGGACTACTGG,TGTCAACAGGGTCAAAGTTATCCGTGGACGTTC,CLTTMVPYALDYW,CQQGQSYPWTF,IGHV14-3,IGHD1-1,IGHJ4,IGKV15-103,IGKJ1,"IGHG1,IGHG3",IGKC,T,T,7.0,98.0,IGHV14-3,IGKV15-103,IGHD1-1,IGHJ4,IGKJ1,"IGHG1,IGHG3",IGKC,IGHV14-3,IGHD1-1,IGHJ4,IGKV15-103,IGKJ1,IgG,IgG,IGH + IGK,Single pair,standard,standard,3.0,>= 3
mosaic_8b_GTTGGAACAGGACATA,B_VDJ_15_1_8_VJ_69_2_5,25,IGH,IGK,T,T,IGHV1-52,None,IGHJ4,IGKV6-15,IGKJ1,"IGHG1,IGHG3",IGKC,TGTGCAAGATCGGCAGGGCAGCAGTTTTTTATGGACTACTGG,TGTCAGCAATATTACAGCTGTCCTCTAACGTTC,CARSAGQQFFMDYW,CQQYYSCPLTF,IGHV1-52,None,IGHJ4,IGKV6-15,IGKJ1,"IGHG1,IGHG3",IGKC,T,T,6.0,60.0,IGHV1-52,IGKV6-15,None,IGHJ4,IGKJ1,"IGHG1,IGHG3",IGKC,IGHV1-52,None,IGHJ4,IGKV6-15,IGKJ1,IgG,IgG,IGH + IGK,Single pair,standard,standard,2.0,2
