sequence_id	sequence	rev_comp	productive	v_call	d_call	j_call	sequence_alignment	germline_alignment	junction	junction_aa	v_cigar	d_cigar	j_cigar	stop_codon	vj_in_frame	locus	c_call	junction_length	np1_length	np2_length	v_sequence_start	v_sequence_end	v_germline_start	v_germline_end	d_sequence_start	d_sequence_end	d_germline_start	d_germline_end	j_sequence_start	j_sequence_end	j_germline_start	j_germline_end	v_score	v_identity	v_support	d_score	d_identity	d_support	j_score	j_identity	j_support	fwr1	fwr2	fwr3	fwr4	cdr1	cdr2	cdr3	cell_id	consensus_count	umi_count	v_call_10x	d_call_10x	j_call_10x	junction_10x	junction_10x_aa	j_support_igblastn	j_score_igblastn	j_call_igblastn	j_call_blastn	j_identity_blastn	j_alignment_length_blastn	j_number_of_mismatches_blastn	j_number_of_gap_openings_blastn	j_sequence_start_blastn	j_sequence_end_blastn	j_germline_start_blastn	j_germline_end_blastn	j_support_blastn	j_score_blastn	j_sequence_alignment_blastn	j_germline_alignment_blastn	j_source	d_support_igblastn	d_score_igblastn	d_call_igblastn	d_call_blastn	d_identity_blastn	d_alignment_length_blastn	d_number_of_mismatches_blastn	d_number_of_gap_openings_blastn	d_sequence_start_blastn	d_sequence_end_blastn	d_germline_start_blastn	d_germline_end_blastn	d_support_blastn	d_score_blastn	d_sequence_alignment_blastn	d_germline_alignment_blastn	d_source	germline_alignment_d_mask
homotypic_AAAGCTCGTATGGAGA_contig_2	GGGGAAGCATCCTCTCTTCTAGCTCTCAGAGATGGAGACAGACACACTCCTGCTATGGGTGCTGCTGCTCTGGGTTCCAGGTTCCACTGGTGACATTGTGCTGACACAGTCTCCTGCTTCCTTAGCTGTATCTCTGGGGCAGAGGGCCACCATCTCATGCAGGGCCAGCCAAAGTGTCAGTTCATCTACCTATAGTTATCTGCACTGGTACCAACAGAAACCAGGACAGGCACCCAAACTCCTCATCAAGTATGCATCCAACCTAGAATCTGGGGTCCCTGCCAGGTTCAGTGGCAGTGGGTCTGGGACAGACTTCACCCTCAACATCCATCCTGTGGCGGAGGAGGATACTGCAACATATTACTGTCAGCACAGTTGGGGGATTCCGTACACGTTCGGAGGGGGGACCAAGCTGGAAATAAAACGGGCTGATGCTGCACCAACTGTATCCATCTTCCCACCATCCAGTGAGCAGTTAACATCTGGAGGTGCCTCAGTCGTGTGCTTC	F	T	IGKV3-7*02		IGKJ2*01	GACATTGTGCTGACACAGTCTCCTGCTTCCTTAGCTGTATCTCTGGGGCAGAGGGCCACCATCTCATGCAGGGCCAGCCAAAGTGTCAGTTCA......TCTACCTATAGTTATCTGCACTGGTACCAACAGAAACCAGGACAGGCACCCAAACTCCTCATCAAGTATGCA.....................TCCAACCTAGAATCTGGGGTCCCT...GCCAGGTTCAGTGGCAGTGGG......TCTGGGACAGACTTCACCCTCAACATCCATCCTGTGGCGGAGGAGGATACTGCAACATATTACTGTCAGCACAGTTGGGGGATTCCGTACACGTTCGGAGGGGGGACCAAGCTGGAAATAAAAC	GACATTGTGCTGACACAGTCTCCTGCTTCCTTAGCTGTATCTCTGGGGCAGAGGGCCACCATCTCATGCAGGGCCAGCCAAAGTGTCAGTACA......TCTAGCTATAGTTATATGCACTGGTACCAACAGAAACCAGGACAGCCACCCAAACTCCTCATCAAGTATGCA.....................TCCAACCTAGAATCTGGGGTCCCT...GCCAGGTTCAGTGGCAGTGGG......TCTGGGACAGACTTCACCCTCAACATCCATCCTGTGGAGGAGGAGGATACTGCAACATATTACTGTCAGCACAGTTGGGAGATTCCGTACACGTTCGGAGGGGGGACCAAGCTGGAAATAAAAC	TGTCAGCACAGTTGGGGGATTCCGTACACGTTC	CQHSWGIPYTF	91S90=1X6=1X10=1X29=1X108=1X41=1X6=		387S1N38=	F	T	IGK	IGKC	33	0		92	387	1	332					388	425	2	39	444.0	0.97973	1.45e-126				73.7	1.0	3.07e-17	GACATTGTGCTGACACAGTCTCCTGCTTCCTTAGCTGTATCTCTGGGGCAGAGGGCCACCATCTCATGCAGGGCCAGC	CTGCACTGGTACCAACAGAAACCAGGACAGGCACCCAAACTCCTCATCAAG	AACCTAGAATCTGGGGTCCCT...GCCAGGTTCAGTGGCAGTGGG......TCTGGGACAGACTTCACCCTCAACATCCATCCTGTGGCGGAGGAGGATACTGCAACATATTACTGT	TTCGGAGGGGGGACCAAGCTGGAAATAAAAC	CAAAGTGTCAGTTCA......TCTACCTATAGTTAT	TATGCA.....................TCC	CAGCACAGTTGGGGGATTCCGTACACG	homotypic_AAAGCTCGTATGGAGA	1850	4	IGKV3-7		IGKJ2	TGTCAGCACAGTTGGGGGATTCCGTACACGTTC	CQHSWGIPYTF	3.07e-17	73.7	IGKJ2*01	IGKJ2*01	100.0	38	0	0	388	425	2	39	1.63e-16	71.3	GTACACGTTCGGAGGGGGGACCAAGCTGGAAATAAAAC	GTACACGTTCGGAGGGGGGACCAAGCTGGAAATAAAAC																			GAAATTGTAATGACACAGTCTCCACCCACCCTGTCTTTGTCTCCAGGGGAAAGAGTCACCCTCTCCTGCAGGGCCAGTCAGAGTGTTAGC...............AGCAGCTACTTATCCTGGTACCAGCAGAAACCTGGGCAGGCTCCCAGGCTCCTCATCTATGGTGCA.....................TCCACCAGGGCCACTGGCATCCCA...GCCAGGTTCAGTGGCAGTGGG......TCTGGGACAGACTTCACTCTCACCATCAGCAGCCTGCAGCCTGAAGATTTTGCAGTTTATTACTGTCAGCAGGATTATAACTTACCGTACACTTTTGGCCAGGGGACCAAGCTGGAGATCAAAC
homotypic_AATGGGAGTCTATCGC_contig_1	GGGGATCCTCTCTTCTAGCTCTCAGAGATGGAGACAGACACACTCCTGCTATGGGTGCTGCTGCTCTGGGTTCCAGGTTCCACTGGTGACATTGTGCTGACACAGTCTCCTACTTCCTTAACTGTATCTCTGGGGCAGAGGGCCACCATCTCATGCAGGGCCAGCCAAAGTGTCAGTACATCTAGCTATAATTATATGCACTGGTACCAACAGAAACCAGGACAGCCACCCAAACTCCTCATCAAGTATGCATCCAACCTAGATTCTGGGGTCCCTGCCAGGTTCAGTGGCAGTGGGTCTGGGACAGACTTCACCCTCACCATCCATCCTGTGGAGGAGGAGGATACTGCAACATTTTACTGTCAGCACAGTTGGGAGATTCCTCCGACGTTCGGTGGAGGCACCAAGCTGGAAATCAAACGGGCTGATGCTGCACCAACTGTATCCATCTTCCCACCATCCAGTGAGCAGTTAACATCTGGAGGTGCCTCAGTCGTGTGCTTC	F	T	IGKV3-7*02		IGKJ1*01	GACATTGTGCTGACACAGTCTCCTACTTCCTTAACTGTATCTCTGGGGCAGAGGGCCACCATCTCATGCAGGGCCAGCCAAAGTGTCAGTACA......TCTAGCTATAATTATATGCACTGGTACCAACAGAAACCAGGACAGCCACCCAAACTCCTCATCAAGTATGCA.....................TCCAACCTAGATTCTGGGGTCCCT...GCCAGGTTCAGTGGCAGTGGG......TCTGGGACAGACTTCACCCTCACCATCCATCCTGTGGAGGAGGAGGATACTGCAACATTTTACTGTCAGCACAGTTGGGAGATTCCTCCGACGTTCGGTGGAGGCACCAAGCTGGAAATCAAAC	GACATTGTGCTGACACAGTCTCCTGCTTCCTTAGCTGTATCTCTGGGGCAGAGGGCCACCATCTCATGCAGGGCCAGCCAAAGTGTCAGTACA......TCTAGCTATAGTTATATGCACTGGTACCAACAGAAACCAGGACAGCCACCCAAACTCCTCATCAAGTATGCA.....................TCCAACCTAGAATCTGGGGTCCCT...GCCAGGTTCAGTGGCAGTGGG......TCTGGGACAGACTTCACCCTCAACATCCATCCTGTGGAGGAGGAGGATACTGCAACATATTACTGTCAGCACAGTTGGGAGATTCCTCCGACGTTCGGTGGAGGCACCAAGCTGGAAATCAAAC	TGTCAGCACAGTTGGGAGATTCCTCCGACGTTC	CQHSWEIPPTF	87S24=1X8=1X69=1X72=1X55=1X35=1X30=		386S3N35=	F	T	IGK	IGKC	33	0		88	386	1	335					387	421	4	38	449.0	0.97993	5.62e-128				68.0	1.0	1.66e-15	GACATTGTGCTGACACAGTCTCCTACTTCCTTAACTGTATCTCTGGGGCAGAGGGCCACCATCTCATGCAGGGCCAGC	ATGCACTGGTACCAACAGAAACCAGGACAGCCACCCAAACTCCTCATCAAG	AACCTAGATTCTGGGGTCCCT...GCCAGGTTCAGTGGCAGTGGG......TCTGGGACAGACTTCACCCTCACCATCCATCCTGTGGAGGAGGAGGATACTGCAACATTTTACTGT	TTCGGTGGAGGCACCAAGCTGGAAATCAAAC	CAAAGTGTCAGTACA......TCTAGCTATAATTAT	TATGCA.....................TCC	CAGCACAGTTGGGAGATTCCTCCGACG	homotypic_AATGGGAGTCTATCGC	7731	18	IGKV3-7		IGKJ1	TGTCAGCACAGTTGGGAGATTCCTCCGACGTTC	CQHSWEIPPTF	1.66e-15	68.0	IGKJ1*01	IGKJ1*02	100.0	35	0	0	385	419	1	35	7.53e-15	65.8	CCGACGTTCGGTGGAGGCACCAAGCTGGAAATCAA	CCGACGTTCGGTGGAGGCACCAAGCTGGAAATCAA																			GAAATTGTAATGACACAGTCTCCACCCACCCTGTCTTTGTCTCCAGGGGAAAGAGTCACCCTCTCCTGCAGGGCCAGTCAGAGTGTTAGC...............AGCAGCTACTTATCCTGGTACCAGCAGAAACCTGGGCAGGCTCCCAGGCTCCTCATCTATGGTGCA.....................TCCACCAGGGCCACTGGCATCCCA...GCCAGGTTCAGTGGCAGTGGG......TCTGGGACAGACTTCACTCTCACCATCAGCAGCCTGCAGCCTGAAGATTTTGCAGTTTATTACTGTCAGCAGGATTATAACTTACCTCCGACGTTCGGCCAAGGGACCAAGGTGGAAATCAAAC
homotypic_AATTGAGAGGCTAAGG_contig_1	TGGGGAGCATCCTCTCTTCTAGCTCTCAGAGATGGAGACAGACACACTCCTGCTATGGGTGCTGCTGCTCTGGGTTCCAGGTTCCACTGGTGACATTGTGCTGACACAGTCTCCTGCTTCCTTAGCTTTATCTCTGGGGCAGAGGGCCACCATCTCATGCAGGGCCAGCCAAAGTGTCAGTACATCTAGTTATAGTTATATGCACTGGTACCAACAGAAACCAGGACAGCCACCCAAACTCCTCATCAAGTATGCATCCAACCTAGAATCTGGGGTCCCTGCCAGGTTCAGTGGCAGTGGGTCTGGGACAGACTTCACCCTCAACATCCATCCTGTGGAGGAGGAGGATACTGCAACATATTACTGTCAGCACAGTTGGGAGATTCCGTACACGTTCGGAGGGGGGACCAAGCTGGAAATAAAACGGGCTGATGCTGCACCAACTGTATCCATCTTCCCACCATCCAGTGAGCAGTTAACATCTGGAGGTGCCTCAGTCGTGTGCTTC	F	T	IGKV3-7*02		IGKJ2*01	GACATTGTGCTGACACAGTCTCCTGCTTCCTTAGCTTTATCTCTGGGGCAGAGGGCCACCATCTCATGCAGGGCCAGCCAAAGTGTCAGTACA......TCTAGTTATAGTTATATGCACTGGTACCAACAGAAACCAGGACAGCCACCCAAACTCCTCATCAAGTATGCA.....................TCCAACCTAGAATCTGGGGTCCCT...GCCAGGTTCAGTGGCAGTGGG......TCTGGGACAGACTTCACCCTCAACATCCATCCTGTGGAGGAGGAGGATACTGCAACATATTACTGTCAGCACAGTTGGGAGATTCCGTACACGTTCGGAGGGGGGACCAAGCTGGAAATAAAAC	GACATTGTGCTGACACAGTCTCCTGCTTCCTTAGCTGTATCTCTGGGGCAGAGGGCCACCATCTCATGCAGGGCCAGCCAAAGTGTCAGTACA......TCTAGCTATAGTTATATGCACTGGTACCAACAGAAACCAGGACAGCCACCCAAACTCCTCATCAAGTATGCA.....................TCCAACCTAGAATCTGGGGTCCCT...GCCAGGTTCAGTGGCAGTGGG......TCTGGGACAGACTTCACCCTCAACATCCATCCTGTGGAGGAGGAGGATACTGCAACATATTACTGTCAGCACAGTTGGGAGATTCCGTACACGTTCGGAGGGGGGACCAAGCTGGAAATAAAAC	TGTCAGCACAGTTGGGAGATTCCGTACACGTTC	CQHSWEIPYTF	91S36=1X61=1X197=		387S1N38=	F	T	IGK	IGKC	33	0		92	387	1	332					388	425	2	39	456.0	0.99324	2.56e-130				73.7	1.0	3.07e-17	GACATTGTGCTGACACAGTCTCCTGCTTCCTTAGCTTTATCTCTGGGGCAGAGGGCCACCATCTCATGCAGGGCCAGC	ATGCACTGGTACCAACAGAAACCAGGACAGCCACCCAAACTCCTCATCAAG	AACCTAGAATCTGGGGTCCCT...GCCAGGTTCAGTGGCAGTGGG......TCTGGGACAGACTTCACCCTCAACATCCATCCTGTGGAGGAGGAGGATACTGCAACATATTACTGT	TTCGGAGGGGGGACCAAGCTGGAAATAAAAC	CAAAGTGTCAGTACA......TCTAGTTATAGTTAT	TATGCA.....................TCC	CAGCACAGTTGGGAGATTCCGTACACG	homotypic_AATTGAGAGGCTAAGG	8135	18	IGKV3-7		IGKJ2	TGTCAGCACAGTTGGGAGATTCCGTACACGTTC	CQHSWEIPYTF	3.07e-17	73.7	IGKJ2*01	IGKJ2*01	100.0	38	0	0	388	425	2	39	1.63e-16	71.3	GTACACGTTCGGAGGGGGGACCAAGCTGGAAATAAAAC	GTACACGTTCGGAGGGGGGACCAAGCTGGAAATAAAAC																			GAAATTGTAATGACACAGTCTCCACCCACCCTGTCTTTGTCTCCAGGGGAAAGAGTCACCCTCTCCTGCAGGGCCAGTCAGAGTGTTAGC...............AGCAGCTACTTATCCTGGTACCAGCAGAAACCTGGGCAGGCTCCCAGGCTCCTCATCTATGGTGCA.....................TCCACCAGGGCCACTGGCATCCCA...GCCAGGTTCAGTGGCAGTGGG......TCTGGGACAGACTTCACTCTCACCATCAGCAGCCTGCAGCCTGAAGATTTTGCAGTTTATTACTGTCAGCAGGATTATAACTTACCGTACACTTTTGGCCAGGGGACCAAGCTGGAGATCAAAC
homotypic_ACATTTCGTAGTGCGC_contig_1	TGGGGATCCTCTCTTCTAGCTCTCAGAGATGGAGACAGACACACTCCTGCTATGGGTGCTGCTGCTCTGGGTTCCAGGTTCCACTGGTGACATTGTGCTGACACAGTCTCCTGCTTCCTTAGCTGTATCTCTGGGGCAGAGGGCCACCATCTCTTGCAGGGCCAGCCAAAGTGTCAGAACATCTAGCTATAGTTATATGCACTGGTACCAACAGAAACCAGGACAGCCACCCAAACTCCTCATCAAGTATGCATCCAACCTAGAATCTGGGGTCCCTGCCAGGTTCAGTGGCAGTGGGTCTGGGACAGACTTCACCCTCAACATCCATCCTGTGGAGGAGGAGGATACTGCAACATATTTCTGTCAGCACAGTTGGGAGATTCCGTACACGTTCGGAGGGGGGACCAAGCTGGAAATAAAACGGGCTGATGCTGCACCAACTGTATCCATCTTCCCACCATCCAGTGAGCAGTTAACATCTGGAGGTGCCTCAGTCGTGTGCTTC	F	T	IGKV3-7*02		IGKJ2*01	GACATTGTGCTGACACAGTCTCCTGCTTCCTTAGCTGTATCTCTGGGGCAGAGGGCCACCATCTCTTGCAGGGCCAGCCAAAGTGTCAGAACA......TCTAGCTATAGTTATATGCACTGGTACCAACAGAAACCAGGACAGCCACCCAAACTCCTCATCAAGTATGCA.....................TCCAACCTAGAATCTGGGGTCCCT...GCCAGGTTCAGTGGCAGTGGG......TCTGGGACAGACTTCACCCTCAACATCCATCCTGTGGAGGAGGAGGATACTGCAACATATTTCTGTCAGCACAGTTGGGAGATTCCGTACACGTTCGGAGGGGGGACCAAGCTGGAAATAAAAC	GACATTGTGCTGACACAGTCTCCTGCTTCCTTAGCTGTATCTCTGGGGCAGAGGGCCACCATCTCATGCAGGGCCAGCCAAAGTGTCAGTACA......TCTAGCTATAGTTATATGCACTGGTACCAACAGAAACCAGGACAGCCACCCAAACTCCTCATCAAGTATGCA.....................TCCAACCTAGAATCTGGGGTCCCT...GCCAGGTTCAGTGGCAGTGGG......TCTGGGACAGACTTCACCCTCAACATCCATCCTGTGGAGGAGGAGGATACTGCAACATATTACTGTCAGCACAGTTGGGAGATTCCGTACACGTTCGGAGGGGGGACCAAGCTGGAAATAAAAC	TGTCAGCACAGTTGGGAGATTCCGTACACGTTC	CQHSWEIPYTF	88S65=1X23=1X181=1X24=		384S1N38=	F	T	IGK	IGKC	33	0		89	384	1	332					385	422	2	39	453.0	0.98986	2.21e-129				73.7	1.0	3.05e-17	GACATTGTGCTGACACAGTCTCCTGCTTCCTTAGCTGTATCTCTGGGGCAGAGGGCCACCATCTCTTGCAGGGCCAGC	ATGCACTGGTACCAACAGAAACCAGGACAGCCACCCAAACTCCTCATCAAG	AACCTAGAATCTGGGGTCCCT...GCCAGGTTCAGTGGCAGTGGG......TCTGGGACAGACTTCACCCTCAACATCCATCCTGTGGAGGAGGAGGATACTGCAACATATTTCTGT	TTCGGAGGGGGGACCAAGCTGGAAATAAAAC	CAAAGTGTCAGAACA......TCTAGCTATAGTTAT	TATGCA.....................TCC	CAGCACAGTTGGGAGATTCCGTACACG	homotypic_ACATTTCGTAGTGCGC	33374	133	IGKV3-7		IGKJ2	TGTCAGCACAGTTGGGAGATTCCGTACACGTTC	CQHSWEIPYTF	3.05e-17	73.7	IGKJ2*01	IGKJ2*01	100.0	38	0	0	385	422	2	39	1.62e-16	71.3	GTACACGTTCGGAGGGGGGACCAAGCTGGAAATAAAAC	GTACACGTTCGGAGGGGGGACCAAGCTGGAAATAAAAC																			GAAATTGTAATGACACAGTCTCCACCCACCCTGTCTTTGTCTCCAGGGGAAAGAGTCACCCTCTCCTGCAGGGCCAGTCAGAGTGTTAGC...............AGCAGCTACTTATCCTGGTACCAGCAGAAACCTGGGCAGGCTCCCAGGCTCCTCATCTATGGTGCA.....................TCCACCAGGGCCACTGGCATCCCA...GCCAGGTTCAGTGGCAGTGGG......TCTGGGACAGACTTCACTCTCACCATCAGCAGCCTGCAGCCTGAAGATTTTGCAGTTTATTACTGTCAGCAGGATTATAACTTACCGTACACTTTTGGCCAGGGGACCAAGCTGGAGATCAAAC
homotypic_ACCAACTCACTACTTT_contig_2	TGGGGATCCTCTCTTCTAGCTCTCAGAGATGGAGACAGACACACTCCTGCTATGGGTGCTGCTGCTCTGGGTTCCAGGTTCCACTGGTGACATTGTGCTGACACAGTCTCCTGCTTCCTTAGCTGTATCTCTGGGGCAGAGGGCCACCTTCTCATGCAGGGCCAGCCAAAGTGTCCATACATCTAGCTATAATTATCTACACTGGTACCAACAGAAACCAGGACAGCCACCCAAACTCCTCATCAAGTATGCATCCAACCTCGAATCTGGGGTCCCTGCCAGGTTCAGTGGCAGTGGGTCTGGGACAGACTTCACCCTCAACATCCATCCTGTGGAGGAGGAAGATACTGCAACATATTACTGTCAGCACAATTGGGAGATTCCATTCACGTTCGGCTCGGGGACAAAGTTGGAAATAAAACGGGCTGATGCTGCACCAACTGTATCCATCTTCCCACCATCCAGTGAGCAGTTAACATCTGGAGGTGCCTCAGTCGTGTGCTTC	F	T	IGKV3-7*02		IGKJ4*01	GACATTGTGCTGACACAGTCTCCTGCTTCCTTAGCTGTATCTCTGGGGCAGAGGGCCACCTTCTCATGCAGGGCCAGCCAAAGTGTCCATACA......TCTAGCTATAATTATCTACACTGGTACCAACAGAAACCAGGACAGCCACCCAAACTCCTCATCAAGTATGCA.....................TCCAACCTCGAATCTGGGGTCCCT...GCCAGGTTCAGTGGCAGTGGG......TCTGGGACAGACTTCACCCTCAACATCCATCCTGTGGAGGAGGAAGATACTGCAACATATTACTGTCAGCACAATTGGGAGATTCCATTCACGTTCGGCTCGGGGACAAAGTTGGAAATAAAAC	GACATTGTGCTGACACAGTCTCCTGCTTCCTTAGCTGTATCTCTGGGGCAGAGGGCCACCATCTCATGCAGGGCCAGCCAAAGTGTCAGTACA......TCTAGCTATAGTTATATGCACTGGTACCAACAGAAACCAGGACAGCCACCCAAACTCCTCATCAAGTATGCA.....................TCCAACCTAGAATCTGGGGTCCCT...GCCAGGTTCAGTGGCAGTGGG......TCTGGGACAGACTTCACCCTCAACATCCATCCTGTGGAGGAGGAGGATACTGCAACATATTACTGTCAGCACAGTTGGGAGATTCCATTCACGTTCGGCTCGGGGACAAAGTTGGAAATAAAAC	TGTCAGCACAATTGGGAGATTCCATTCACGTTC	CQHNWEIPFTF	88S60=1X26=2X14=1X4=1X1=1X62=1X80=1X28=1X12=		384S38=	F	T	IGK	IGKC	33	0		89	384	1	332					385	422	1	38	434.0	0.96959	9.38e-124				73.7	1.0	3.05e-17	GACATTGTGCTGACACAGTCTCCTGCTTCCTTAGCTGTATCTCTGGGGCAGAGGGCCACCTTCTCATGCAGGGCCAGC	CTACACTGGTACCAACAGAAACCAGGACAGCCACCCAAACTCCTCATCAAG	AACCTCGAATCTGGGGTCCCT...GCCAGGTTCAGTGGCAGTGGG......TCTGGGACAGACTTCACCCTCAACATCCATCCTGTGGAGGAGGAAGATACTGCAACATATTACTGT	TTCGGCTCGGGGACAAAGTTGGAAATAAAAC	CAAAGTGTCCATACA......TCTAGCTATAATTAT	TATGCA.....................TCC	CAGCACAATTGGGAGATTCCATTCACG	homotypic_ACCAACTCACTACTTT	14754	36	IGKV3-7		IGKJ4	TGTCAGCACAATTGGGAGATTCCATTCACGTTC	CQHNWEIPFTF	3.05e-17	73.7	IGKJ4*01	IGKJ4*01	100.0	38	0	0	385	422	1	38	1.62e-16	71.3	ATTCACGTTCGGCTCGGGGACAAAGTTGGAAATAAAAC	ATTCACGTTCGGCTCGGGGACAAAGTTGGAAATAAAAC																			GAAATTGTAATGACACAGTCTCCACCCACCCTGTCTTTGTCTCCAGGGGAAAGAGTCACCCTCTCCTGCAGGGCCAGTCAGAGTGTTAGC...............AGCAGCTACTTATCCTGGTACCAGCAGAAACCTGGGCAGGCTCCCAGGCTCCTCATCTATGGTGCA.....................TCCACCAGGGCCACTGGCATCCCA...GCCAGGTTCAGTGGCAGTGGG......TCTGGGACAGACTTCACTCTCACCATCAGCAGCCTGCAGCCTGAAGATTTTGCAGTTTATTACTGTCAGCAGGATTATAACTTACCGCTCACTTTCGGCGGAGGGACCAAGGTGGAGATCAAAC
homotypic_ACCTCTGTCGTCATTC_contig_1	ATCCTCTCTTCTAGCTCTCAGAGATGGAGACAGACACACTCCTGCTATGGGTGCTGCTGCTCTGGGTTCCAGGTTCCACTGGTGACGTTGTGCTAACACAGTCTCCTGCTTCCTTAGTTGTATTTCTGGGGCAGAGGGCCACCATCTCATGCAGGGCCAGCCAAAGTGTCAGTACATCTAGTTATAGTTATATGCACTGGTTCCAACAGAAACCAGGACAGCCACCCAAACTCCTCATCAAGTGTGCATCCAACCTAGAATCTGGGGTCCCTGCCAGGTTCAGTGGCAGTGGGTCTGGGACAGACTTCACCCTCAACATCCATCCTGTGGAGGAAGAGGATACTGCGACATATTACTGTCAGCACAGTTGGGAGATTCCGTACACGTTCGGAGGGGGGACCGAGCTGGAAATAAAACGGGCTGATGCTGCACCAACTGTATCCATCTTCCCACCATCCAGTGAGCAGTTAACATCTGGAGGTGCCTCAGTCGTGTGCTTC	F	T	IGKV3-7*01		IGKJ2*01	GACGTTGTGCTAACACAGTCTCCTGCTTCCTTAGTTGTATTTCTGGGGCAGAGGGCCACCATCTCATGCAGGGCCAGCCAAAGTGTCAGTACA......TCTAGTTATAGTTATATGCACTGGTTCCAACAGAAACCAGGACAGCCACCCAAACTCCTCATCAAGTGTGCA.....................TCCAACCTAGAATCTGGGGTCCCT...GCCAGGTTCAGTGGCAGTGGG......TCTGGGACAGACTTCACCCTCAACATCCATCCTGTGGAGGAAGAGGATACTGCGACATATTACTGTCAGCACAGTTGGGAGATTCCGTACACGTTCGGAGGGGGGACCGAGCTGGAAATAAAAC	GACATTGTGCTAACACAGTCTCCTGCTTCCTTAGCTGTATCTCTGGGGCAGAGGGCCACCATCTCATGCAGGGCCAGCCAAAGTGTCAGTACA......TCTAGCTATAGTTATATGCACTGGTACCAACAGAAACCAGGACAGCCACCCAAACTCCTCATCAAGTATGCA.....................TCCAACCTAGAATCTGGGGTCCCT...GCCAGGTTCAGTGGCAGTGGG......TCTGGGACAGACTTCACCCTCAACATCCATCCTGTGGAGGAGGAGGATACTGCAACATATTACTGTCAGCACAGTTGGGAGATTCCGTACACGTTCGGAGGGGGGACCAAGCTGGAAATAAAAC	TGTCAGCACAGTTGGGAGATTCCGTACACGTTC	CQHSWEIPYTF	83S3=1X30=1X5=1X57=1X19=1X41=1X90=1X11=1X32=		379S1N22=1X15=	F	T	IGK	IGKC	33	0		84	379	1	332					380	417	2	39	438.0	0.97297	1.07e-124				68.0	0.97368	1.65e-15	GACGTTGTGCTAACACAGTCTCCTGCTTCCTTAGTTGTATTTCTGGGGCAGAGGGCCACCATCTCATGCAGGGCCAGC	ATGCACTGGTTCCAACAGAAACCAGGACAGCCACCCAAACTCCTCATCAAG	AACCTAGAATCTGGGGTCCCT...GCCAGGTTCAGTGGCAGTGGG......TCTGGGACAGACTTCACCCTCAACATCCATCCTGTGGAGGAAGAGGATACTGCGACATATTACTGT	TTCGGAGGGGGGACCGAGCTGGAAATAAAAC	CAAAGTGTCAGTACA......TCTAGTTATAGTTAT	TGTGCA.....................TCC	CAGCACAGTTGGGAGATTCCGTACACG	homotypic_ACCTCTGTCGTCATTC	8226	19	IGKV3-7		IGKJ2	TGTCAGCACAGTTGGGAGATTCCGTACACGTTC	CQHSWEIPYTF	1.65e-15	68.0	IGKJ2*01	IGKJ2*01	97.368	38	1	0	380	417	2	39	7.46e-15	65.8	GTACACGTTCGGAGGGGGGACCGAGCTGGAAATAAAAC	GTACACGTTCGGAGGGGGGACCAAGCTGGAAATAAAAC																			GAAATTGTAATGACACAGTCTCCACCCACCCTGTCTTTGTCTCCAGGGGAAAGAGTCACCCTCTCCTGCAGGGCCAGTCAGAGTGTTAGC...............AGCAGCTACTTAACCTGGTATCAGCAGAAACCTGGCCAGGCGCCCAGGCTCCTCATCTATGGTGCA.....................TCCACCAGGGCCACTAGCATCCCA...GCCAGGTTCAGTGGCAGTGGG......TCTGGGACAGACTTCACTCTCACCATCAGCAGCCTGCAGCCTGAAGATTTTGCAGTTTATTACTGTCAGCAGGATCATAACTTACCGTACACTTTTGGCCAGGGGACCAAGCTGGAGATCAAAC
homotypic_ACTTGGGGTCACACCT_contig_1	TGGGGATCCTCTCTTCTAGCTCTCAGAGATGGAGACAGACACACTCCTGCTATGGGTGCTGCTGCTCTGGGTTCCAGGTTCCACTGGTGACATTGTGCTGACACAGTCTCCTGCTTCCTTAGCTGTATCTCTGGGGCAGAGGGCCACCATCTCATGCAGGGCCAGCCAAAGTGTCAGTACATCTAGCTATAGTTATATACACTGGTACCAACAGAAACCAGGACAGCCACCCAAACTCCTCATTAAGTATGCATCCAACCCAGAATCTGGGGTCCCTGCCAGGTTCAGTGGCAGTGGGTCTGGGACAGACTTCACCCTCAACATCCATCCTGTGGAGGAGGAGGATACTGCAACATATTACTGTCAGCACAGTTGGGAGATTCCGTACACGTTCGGAGGGGGGACCAAGCTGGAAATAAAACGGGCTGATGCTGCACCAACTGTATCCATCTTCCCACCATCCAGTGAGCAGTTAACATCTGGAGGTGCCTCAGTCGTGTGCTTC	F	T	IGKV3-7*02		IGKJ2*01	GACATTGTGCTGACACAGTCTCCTGCTTCCTTAGCTGTATCTCTGGGGCAGAGGGCCACCATCTCATGCAGGGCCAGCCAAAGTGTCAGTACA......TCTAGCTATAGTTATATACACTGGTACCAACAGAAACCAGGACAGCCACCCAAACTCCTCATTAAGTATGCA.....................TCCAACCCAGAATCTGGGGTCCCT...GCCAGGTTCAGTGGCAGTGGG......TCTGGGACAGACTTCACCCTCAACATCCATCCTGTGGAGGAGGAGGATACTGCAACATATTACTGTCAGCACAGTTGGGAGATTCCGTACACGTTCGGAGGGGGGACCAAGCTGGAAATAAAAC	GACATTGTGCTGACACAGTCTCCTGCTTCCTTAGCTGTATCTCTGGGGCAGAGGGCCACCATCTCATGCAGGGCCAGCCAAAGTGTCAGTACA......TCTAGCTATAGTTATATGCACTGGTACCAACAGAAACCAGGACAGCCACCCAAACTCCTCATCAAGTATGCA.....................TCCAACCTAGAATCTGGGGTCCCT...GCCAGGTTCAGTGGCAGTGGG......TCTGGGACAGACTTCACCCTCAACATCCATCCTGTGGAGGAGGAGGATACTGCAACATATTACTGTCAGCACAGTTGGGAGATTCCGTACACGTTCGGAGGGGGGACCAAGCTGGAAATAAAAC	TGTCAGCACAGTTGGGAGATTCCGTACACGTTC	CQHSWEIPYTF	88S110=1X44=1X16=1X123=		384S1N38=	F	T	IGK	IGKC	33	0		89	384	1	332					385	422	2	39	453.0	0.98986	2.21e-129				73.7	1.0	3.05e-17	GACATTGTGCTGACACAGTCTCCTGCTTCCTTAGCTGTATCTCTGGGGCAGAGGGCCACCATCTCATGCAGGGCCAGC	ATACACTGGTACCAACAGAAACCAGGACAGCCACCCAAACTCCTCATTAAG	AACCCAGAATCTGGGGTCCCT...GCCAGGTTCAGTGGCAGTGGG......TCTGGGACAGACTTCACCCTCAACATCCATCCTGTGGAGGAGGAGGATACTGCAACATATTACTGT	TTCGGAGGGGGGACCAAGCTGGAAATAAAAC	CAAAGTGTCAGTACA......TCTAGCTATAGTTAT	TATGCA.....................TCC	CAGCACAGTTGGGAGATTCCGTACACG	homotypic_ACTTGGGGTCACACCT	33613	71	IGKV3-7		IGKJ2	TGTCAGCACAGTTGGGAGATTCCGTACACGTTC	CQHSWEIPYTF	3.05e-17	73.7	IGKJ2*01	IGKJ2*01	100.0	38	0	0	385	422	2	39	1.62e-16	71.3	GTACACGTTCGGAGGGGGGACCAAGCTGGAAATAAAAC	GTACACGTTCGGAGGGGGGACCAAGCTGGAAATAAAAC																			GAAATTGTAATGACACAGTCTCCACCCACCCTGTCTTTGTCTCCAGGGGAAAGAGTCACCCTCTCCTGCAGGGCCAGTCAGAGTGTTAGC...............AGCAGCTACTTATCCTGGTACCAGCAGAAACCTGGGCAGGCTCCCAGGCTCCTCATCTATGGTGCA.....................TCCACCAGGGCCACTGGCATCCCA...GCCAGGTTCAGTGGCAGTGGG......TCTGGGACAGACTTCACTCTCACCATCAGCAGCCTGCAGCCTGAAGATTTTGCAGTTTATTACTGTCAGCAGGATTATAACTTACCGTACACTTTTGGCCAGGGGACCAAGCTGGAGATCAAAC
homotypic_AGGCCCATCAGCTATG_contig_1	GTCGTTTCTAATCTGGGGATCCTCTCTTCTAGCTCTCAGAGATGGAGACAGACACACTCCTGCTATGGGTGCTGCTGCTCTGGGTTCCAGGTTCCACTGGTGACATTGTGCTGACACAGTCTCCTGCTTCCTTAGCTGTATCTCTGGGGCAGAGGGCCACCATCTCATGCAGGGCCAGCCAAAGTGTCAGTACGTCTAGCTATAGTTATATACACTGGTACCAACAGAAACCAGGACAGCCACCCAAACTCCTCATTAAGTATGCATCCAACCCAGAATCTGGGGTCCCTGCCAGGTTCAGTGGCAGTGGGTCTGGGACAGACTTCACCCTCAACATCCATCCTGTGGAGGAGGAGGATACTGCAACATATTACTGTCAGCACAGTTGGGAGATTCCGTACACGTTCGGAGGGGGGACCAAGCTGGAAATAAAACGGGCTGATGCTGCACCAACTGTATCCATCTTCCCACCATCCAGTGAGCAGTTAACATCTGGAGGTGCCTCAGTCGTGTGCTTC	F	T	IGKV3-7*02		IGKJ2*01	GACATTGTGCTGACACAGTCTCCTGCTTCCTTAGCTGTATCTCTGGGGCAGAGGGCCACCATCTCATGCAGGGCCAGCCAAAGTGTCAGTACG......TCTAGCTATAGTTATATACACTGGTACCAACAGAAACCAGGACAGCCACCCAAACTCCTCATTAAGTATGCA.....................TCCAACCCAGAATCTGGGGTCCCT...GCCAGGTTCAGTGGCAGTGGG......TCTGGGACAGACTTCACCCTCAACATCCATCCTGTGGAGGAGGAGGATACTGCAACATATTACTGTCAGCACAGTTGGGAGATTCCGTACACGTTCGGAGGGGGGACCAAGCTGGAAATAAAAC	GACATTGTGCTGACACAGTCTCCTGCTTCCTTAGCTGTATCTCTGGGGCAGAGGGCCACCATCTCATGCAGGGCCAGCCAAAGTGTCAGTACA......TCTAGCTATAGTTATATGCACTGGTACCAACAGAAACCAGGACAGCCACCCAAACTCCTCATCAAGTATGCA.....................TCCAACCTAGAATCTGGGGTCCCT...GCCAGGTTCAGTGGCAGTGGG......TCTGGGACAGACTTCACCCTCAACATCCATCCTGTGGAGGAGGAGGATACTGCAACATATTACTGTCAGCACAGTTGGGAGATTCCGTACACGTTCGGAGGGGGGACCAAGCTGGAAATAAAAC	TGTCAGCACAGTTGGGAGATTCCGTACACGTTC	CQHSWEIPYTF	101S92=1X17=1X44=1X16=1X123=		397S1N38=	F	T	IGK	IGKC	33	0		102	397	1	332					398	435	2	39	450.0	0.98649	1.9699999999999998e-128				73.7	1.0	3.13e-17	GACATTGTGCTGACACAGTCTCCTGCTTCCTTAGCTGTATCTCTGGGGCAGAGGGCCACCATCTCATGCAGGGCCAGC	ATACACTGGTACCAACAGAAACCAGGACAGCCACCCAAACTCCTCATTAAG	AACCCAGAATCTGGGGTCCCT...GCCAGGTTCAGTGGCAGTGGG......TCTGGGACAGACTTCACCCTCAACATCCATCCTGTGGAGGAGGAGGATACTGCAACATATTACTGT	TTCGGAGGGGGGACCAAGCTGGAAATAAAAC	CAAAGTGTCAGTACG......TCTAGCTATAGTTAT	TATGCA.....................TCC	CAGCACAGTTGGGAGATTCCGTACACG	homotypic_AGGCCCATCAGCTATG	33567	67	IGKV3-7		IGKJ2	TGTCAGCACAGTTGGGAGATTCCGTACACGTTC	CQHSWEIPYTF	3.13e-17	73.7	IGKJ2*01	IGKJ2*01	100.0	38	0	0	398	435	2	39	1.66e-16	71.3	GTACACGTTCGGAGGGGGGACCAAGCTGGAAATAAAAC	GTACACGTTCGGAGGGGGGACCAAGCTGGAAATAAAAC																			GAAATTGTAATGACACAGTCTCCACCCACCCTGTCTTTGTCTCCAGGGGAAAGAGTCACCCTCTCCTGCAGGGCCAGTCAGAGTGTTAGC...............AGCAGCTACTTATCCTGGTACCAGCAGAAACCTGGGCAGGCTCCCAGGCTCCTCATCTATGGTGCA.....................TCCACCAGGGCCACTGGCATCCCA...GCCAGGTTCAGTGGCAGTGGG......TCTGGGACAGACTTCACTCTCACCATCAGCAGCCTGCAGCCTGAAGATTTTGCAGTTTATTACTGTCAGCAGGATTATAACTTACCGTACACTTTTGGCCAGGGGACCAAGCTGGAGATCAAAC
homotypic_AGTACAGCAACCATAC_contig_1	GGGGATCCTCTCTTCTAGCTCTCAGAGATGGAGACAGACACACTCCTGCTATGGGTGCTGCTGCTCTGGGTTCCAGGTTCCACTGGTGACATTGTGCTGACACAGTCTCCTGCTTCCTTAGCTGTATCTCTGGGGCAGAGGGCCACCATCTCATGCAGGGCCAGCCAAAGTGTCAGTACATCTAGCTATAGTTATATACACTGGTACCAACAGAAACCAGGACAGCCACCCAAACTCCTCATTAAGTATGCATCCAACCCAGAATCTGGGGTCCCTGCCAGGTTCAGTGGCGGTGGGTCTGGGACAGACTTCACCCTCAACATCCATCCTGTGGAGGAGGAGGATACTGCAACATATTACTGTCAGCACAGTTGGGAGATTCCGTACACGTTCGGAGGGGGGACCAAGCTGGAAATAAAACGGGCTGATGCTGCACCAACTGTATCCATCTTCCCACCATCCAGTGAGCAGTTAACATCTGGAGGTGCCTCAGTCGTGTGCTTC	F	T	IGKV3-7*02		IGKJ2*01	GACATTGTGCTGACACAGTCTCCTGCTTCCTTAGCTGTATCTCTGGGGCAGAGGGCCACCATCTCATGCAGGGCCAGCCAAAGTGTCAGTACA......TCTAGCTATAGTTATATACACTGGTACCAACAGAAACCAGGACAGCCACCCAAACTCCTCATTAAGTATGCA.....................TCCAACCCAGAATCTGGGGTCCCT...GCCAGGTTCAGTGGCGGTGGG......TCTGGGACAGACTTCACCCTCAACATCCATCCTGTGGAGGAGGAGGATACTGCAACATATTACTGTCAGCACAGTTGGGAGATTCCGTACACGTTCGGAGGGGGGACCAAGCTGGAAATAAAAC	GACATTGTGCTGACACAGTCTCCTGCTTCCTTAGCTGTATCTCTGGGGCAGAGGGCCACCATCTCATGCAGGGCCAGCCAAAGTGTCAGTACA......TCTAGCTATAGTTATATGCACTGGTACCAACAGAAACCAGGACAGCCACCCAAACTCCTCATCAAGTATGCA.....................TCCAACCTAGAATCTGGGGTCCCT...GCCAGGTTCAGTGGCAGTGGG......TCTGGGACAGACTTCACCCTCAACATCCATCCTGTGGAGGAGGAGGATACTGCAACATATTACTGTCAGCACAGTTGGGAGATTCCGTACACGTTCGGAGGGGGGACCAAGCTGGAAATAAAAC	TGTCAGCACAGTTGGGAGATTCCGTACACGTTC	CQHSWEIPYTF	87S110=1X44=1X16=1X31=1X91=		383S1N38=	F	T	IGK	IGKC	33	0		88	383	1	332					384	421	2	39	450.0	0.98649	1.91e-128				73.7	1.0	3.05e-17	GACATTGTGCTGACACAGTCTCCTGCTTCCTTAGCTGTATCTCTGGGGCAGAGGGCCACCATCTCATGCAGGGCCAGC	ATACACTGGTACCAACAGAAACCAGGACAGCCACCCAAACTCCTCATTAAG	AACCCAGAATCTGGGGTCCCT...GCCAGGTTCAGTGGCGGTGGG......TCTGGGACAGACTTCACCCTCAACATCCATCCTGTGGAGGAGGAGGATACTGCAACATATTACTGT	TTCGGAGGGGGGACCAAGCTGGAAATAAAAC	CAAAGTGTCAGTACA......TCTAGCTATAGTTAT	TATGCA.....................TCC	CAGCACAGTTGGGAGATTCCGTACACG	homotypic_AGTACAGCAACCATAC	10593	30	IGKV3-7		IGKJ2	TGTCAGCACAGTTGGGAGATTCCGTACACGTTC	CQHSWEIPYTF	3.05e-17	73.7	IGKJ2*01	IGKJ2*01	100.0	38	0	0	384	421	2	39	1.62e-16	71.3	GTACACGTTCGGAGGGGGGACCAAGCTGGAAATAAAAC	GTACACGTTCGGAGGGGGGACCAAGCTGGAAATAAAAC																			GAAATTGTAATGACACAGTCTCCACCCACCCTGTCTTTGTCTCCAGGGGAAAGAGTCACCCTCTCCTGCAGGGCCAGTCAGAGTGTTAGC...............AGCAGCTACTTATCCTGGTACCAGCAGAAACCTGGGCAGGCTCCCAGGCTCCTCATCTATGGTGCA.....................TCCACCAGGGCCACTGGCATCCCA...GCCAGGTTCAGTGGCAGTGGG......TCTGGGACAGACTTCACTCTCACCATCAGCAGCCTGCAGCCTGAAGATTTTGCAGTTTATTACTGTCAGCAGGATTATAACTTACCGTACACTTTTGGCCAGGGGACCAAGCTGGAGATCAAAC
homotypic_AGTACTCCAATTACGC_contig_1	GGGGATCCTCTCTTCTAGCTCTCAGAGATGGAGACAGACACACTCCTGCTATGGGTGCTGCTGCTCTGGGTTCCAGGTTCCACTGGTGACATTATGCTGACACAGTCTCCTGCTTCCTTGACTGTGCCTCTCGGGCGCAGGGCCACCATCTCATGCAGGGCCAGTCAAAGTGTCAGTACGTCTAGCTATAGTTATATGCACTGGTACCAACAGAAACCAGGTCAGCCACCCAAACTCCTCATCAAGTTTGCATCCAACCTGGATTCTGGGGTCCCTGCCAGGTTCAGTGGCAGTGGGTCTGGGACAGACTTCACCCTCAACATCCATCCTGTGGAGGAGGAGGATACTGCAACATATTACTGTCAACACAGTTGGGAGATTCCGTACACGTTCGGAGGGGGGACCAAGCTGGAAATAAAACGGGCTGATGCTGCACCAACTGTATCCATCTTCCCACCATCCAGTGAGCAGTTAACATCTGGAGGTGCCTCAGTCGTGTGCTTC	F	T	IGKV3-7*02		IGKJ2*01	GACATTATGCTGACACAGTCTCCTGCTTCCTTGACTGTGCCTCTCGGGCGCAGGGCCACCATCTCATGCAGGGCCAGTCAAAGTGTCAGTACG......TCTAGCTATAGTTATATGCACTGGTACCAACAGAAACCAGGTCAGCCACCCAAACTCCTCATCAAGTTTGCA.....................TCCAACCTGGATTCTGGGGTCCCT...GCCAGGTTCAGTGGCAGTGGG......TCTGGGACAGACTTCACCCTCAACATCCATCCTGTGGAGGAGGAGGATACTGCAACATATTACTGTCAACACAGTTGGGAGATTCCGTACACGTTCGGAGGGGGGACCAAGCTGGAAATAAAAC	GACATTGTGCTGACACAGTCTCCTGCTTCCTTAGCTGTATCTCTGGGGCAGAGGGCCACCATCTCATGCAGGGCCAGCCAAAGTGTCAGTACA......TCTAGCTATAGTTATATGCACTGGTACCAACAGAAACCAGGACAGCCACCCAAACTCCTCATCAAGTATGCA.....................TCCAACCTAGAATCTGGGGTCCCT...GCCAGGTTCAGTGGCAGTGGG......TCTGGGACAGACTTCACCCTCAACATCCATCCTGTGGAGGAGGAGGATACTGCAACATATTACTGTCAGCACAGTTGGGAGATTCCGTACACGTTCGGAGGGGGGACCAAGCTGGAAATAAAAC	TGTCAACACAGTTGGGAGATTCCGTACACGTTC	CQHSWEIPYTF	87S6=1X25=2X4=2X4=1X4=2X26=1X14=1X41=1X25=1X12=1X2=1X101=1X17=		383S1N38=	F	T	IGK	IGKC	33	0		88	383	1	332					384	421	2	39	416.0	0.94932	3.98e-118				73.7	1.0	3.05e-17	GACATTATGCTGACACAGTCTCCTGCTTCCTTGACTGTGCCTCTCGGGCGCAGGGCCACCATCTCATGCAGGGCCAGT	ATGCACTGGTACCAACAGAAACCAGGTCAGCCACCCAAACTCCTCATCAAG	AACCTGGATTCTGGGGTCCCT...GCCAGGTTCAGTGGCAGTGGG......TCTGGGACAGACTTCACCCTCAACATCCATCCTGTGGAGGAGGAGGATACTGCAACATATTACTGT	TTCGGAGGGGGGACCAAGCTGGAAATAAAAC	CAAAGTGTCAGTACG......TCTAGCTATAGTTAT	TTTGCA.....................TCC	CAACACAGTTGGGAGATTCCGTACACG	homotypic_AGTACTCCAATTACGC	5647	12	IGKV3-7		IGKJ2	TGTCAACACAGTTGGGAGATTCCGTACACGTTC	CQHSWEIPYTF	3.05e-17	73.7	IGKJ2*01	IGKJ2*01	100.0	38	0	0	384	421	2	39	1.62e-16	71.3	GTACACGTTCGGAGGGGGGACCAAGCTGGAAATAAAAC	GTACACGTTCGGAGGGGGGACCAAGCTGGAAATAAAAC																			GAAATTGTAATGACACAGTCTCCACCCACCCTGTCTTTGTCTCCAGGGGAAAGAGTCACCCTCTCCTGCAGGGCCAGTCAGAGTGTTAGC...............AGCAGCTACTTATCCTGGTACCAGCAGAAACCTGGGCAGGCTCCCAGGCTCCTCATCTATGGTGCA.....................TCCACCAGGGCCACTGGCATCCCA...GCCAGGTTCAGTGGCAGTGGG......TCTGGGACAGACTTCACTCTCACCATCAGCAGCCTGCAGCCTGAAGATTTTGCAGTTTATTACTGTCAGCAGGATTATAACTTACCGTACACTTTTGGCCAGGGGACCAAGCTGGAGATCAAAC
homotypic_AGTGGTCTCAACCTCT_contig_1	TGGGGATCCTCTCTTCTAGCTCTCAGAGATGGAGACAGACACACTCCTGCTATGGGTGCTGCTGCTCTGGGTTCCAGGTTCCACTGCTGACATTGTACTGACACAGTCTCCTGTTTTCTTAGCTGTATCTCTGGGGCAGAGGGCCACCATCTCTTGCAGGGCCAGCCAAAGTGTCAGAACATCTAGTTATAGTTATATGCACTGGTACCAACAGAAACCAGGACAGCCACCCAAACTCCTCATCAAGTATGCATCCAACCTAGAATCTGGGGTCCCTGCCAGGTTCAGTGGCAGTGGGTCTGGGACAGACTTCACCCTCAACATCCATCCTGTGGAGGAGGAGGATACTGCAACATATTTCTGTCAGCACAGTTGGGAGATTCCGTACACGTTCGGAGGGGGGACCAAGCTGGAAATAAAACGGGCTGATGCTGCACCAACTGTATCCATCTTCCCACCATCCAGTGAGCAGTTAACATCTGGAGGTGCCTCAGTCGTGTGCTTC	F	T	IGKV3-7*02		IGKJ2*01	GACATTGTACTGACACAGTCTCCTGTTTTCTTAGCTGTATCTCTGGGGCAGAGGGCCACCATCTCTTGCAGGGCCAGCCAAAGTGTCAGAACA......TCTAGTTATAGTTATATGCACTGGTACCAACAGAAACCAGGACAGCCACCCAAACTCCTCATCAAGTATGCA.....................TCCAACCTAGAATCTGGGGTCCCT...GCCAGGTTCAGTGGCAGTGGG......TCTGGGACAGACTTCACCCTCAACATCCATCCTGTGGAGGAGGAGGATACTGCAACATATTTCTGTCAGCACAGTTGGGAGATTCCGTACACGTTCGGAGGGGGGACCAAGCTGGAAATAAAAC	GACATTGTGCTGACACAGTCTCCTGCTTCCTTAGCTGTATCTCTGGGGCAGAGGGCCACCATCTCATGCAGGGCCAGCCAAAGTGTCAGTACA......TCTAGCTATAGTTATATGCACTGGTACCAACAGAAACCAGGACAGCCACCCAAACTCCTCATCAAGTATGCA.....................TCCAACCTAGAATCTGGGGTCCCT...GCCAGGTTCAGTGGCAGTGGG......TCTGGGACAGACTTCACCCTCAACATCCATCCTGTGGAGGAGGAGGATACTGCAACATATTACTGTCAGCACAGTTGGGAGATTCCGTACACGTTCGGAGGGGGGACCAAGCTGGAAATAAAAC	TGTCAGCACAGTTGGGAGATTCCGTACACGTTC	CQHSWEIPYTF	88S8=1X16=1X2=1X36=1X23=1X8=1X172=1X24=		384S1N38=	F	T	IGK	IGKC	33	0		89	384	1	332					385	422	2	39	441.0	0.97635	1.2500000000000002e-125				73.7	1.0	3.05e-17	GACATTGTACTGACACAGTCTCCTGTTTTCTTAGCTGTATCTCTGGGGCAGAGGGCCACCATCTCTTGCAGGGCCAGC	ATGCACTGGTACCAACAGAAACCAGGACAGCCACCCAAACTCCTCATCAAG	AACCTAGAATCTGGGGTCCCT...GCCAGGTTCAGTGGCAGTGGG......TCTGGGACAGACTTCACCCTCAACATCCATCCTGTGGAGGAGGAGGATACTGCAACATATTTCTGT	TTCGGAGGGGGGACCAAGCTGGAAATAAAAC	CAAAGTGTCAGAACA......TCTAGTTATAGTTAT	TATGCA.....................TCC	CAGCACAGTTGGGAGATTCCGTACACG	homotypic_AGTGGTCTCAACCTCT	29075	57	IGKV3-7		IGKJ2	TGTCAGCACAGTTGGGAGATTCCGTACACGTTC	CQHSWEIPYTF	3.05e-17	73.7	IGKJ2*01	IGKJ2*01	100.0	38	0	0	385	422	2	39	1.62e-16	71.3	GTACACGTTCGGAGGGGGGACCAAGCTGGAAATAAAAC	GTACACGTTCGGAGGGGGGACCAAGCTGGAAATAAAAC																			GAAATTGTAATGACACAGTCTCCACCCACCCTGTCTTTGTCTCCAGGGGAAAGAGTCACCCTCTCCTGCAGGGCCAGTCAGAGTGTTAGC...............AGCAGCTACTTATCCTGGTACCAGCAGAAACCTGGGCAGGCTCCCAGGCTCCTCATCTATGGTGCA.....................TCCACCAGGGCCACTGGCATCCCA...GCCAGGTTCAGTGGCAGTGGG......TCTGGGACAGACTTCACTCTCACCATCAGCAGCCTGCAGCCTGAAGATTTTGCAGTTTATTACTGTCAGCAGGATTATAACTTACCGTACACTTTTGGCCAGGGGACCAAGCTGGAGATCAAAC
homotypic_ATACAACTCAACACGC_contig_1	ATACAACTCAACACGCACTGGGGCTAAATTACTTAAATGGGGATCCTCTCTTCTAGCTCTCAGAGATGGAGACAGACACACTCCTGCTATGGGTGCTGCTGCTCTGGGTTCCAGGTTCCACTGGTGACATTGTGCTGACACAGTCTCCTGCTTCCTTACCTGTGTCTCTGGGGCAGAGGGCCACCATCTCATGCAGGGCCAGCCAAAGTGTCACTACATCTAGTTATAGTTATATGCACTGGTACCAACAGAAACCAGGACAGCCACCCAAACTCCTCATCAAGTTTGCATCCAACCTAGCTTCTGGGGTCCCTGCCAGGTTCAGTGGCAGTGGGTCTGGGACAGACTTCACCCTCAACATCCATCCTGTGGAGGAGGAGGATACTGCAACATATTACTGTCAGCACATTTGGGAGATTCCGTACACGTTCGGAGGGGGGACCAAGCTGGAAATAAAACGGGCTGATGCTGCACCAACTGTATCCATCTTCCCACCATCCAGTGAGCAGTTAACATCTGGAGGTGCCTCAGTCGTGTGCTTC	F	T	IGKV3-7*02		IGKJ2*01	GACATTGTGCTGACACAGTCTCCTGCTTCCTTACCTGTGTCTCTGGGGCAGAGGGCCACCATCTCATGCAGGGCCAGCCAAAGTGTCACTACA......TCTAGTTATAGTTATATGCACTGGTACCAACAGAAACCAGGACAGCCACCCAAACTCCTCATCAAGTTTGCA.....................TCCAACCTAGCTTCTGGGGTCCCT...GCCAGGTTCAGTGGCAGTGGG......TCTGGGACAGACTTCACCCTCAACATCCATCCTGTGGAGGAGGAGGATACTGCAACATATTACTGTCAGCACATTTGGGAGATTCCGTACACGTTCGGAGGGGGGACCAAGCTGGAAATAAAAC	GACATTGTGCTGACACAGTCTCCTGCTTCCTTAGCTGTATCTCTGGGGCAGAGGGCCACCATCTCATGCAGGGCCAGCCAAAGTGTCAGTACA......TCTAGCTATAGTTATATGCACTGGTACCAACAGAAACCAGGACAGCCACCCAAACTCCTCATCAAGTATGCA.....................TCCAACCTAGAATCTGGGGTCCCT...GCCAGGTTCAGTGGCAGTGGG......TCTGGGACAGACTTCACCCTCAACATCCATCCTGTGGAGGAGGAGGATACTGCAACATATTACTGTCAGCACAGTTGGGAGATTCCGTACACGTTCGGAGGGGGGACCAAGCTGGAAATAAAAC	TGTCAGCACATTTGGGAGATTCCGTACACGTTC	CQHIWEIPYTF	125S33=1X4=1X49=1X9=1X61=1X14=2X106=1X12=		421S1N38=	F	T	IGK	IGKC	33	0		126	421	1	332					422	459	2	39	438.0	0.97297	1.17e-124				73.7	1.0	3.28e-17	GACATTGTGCTGACACAGTCTCCTGCTTCCTTACCTGTGTCTCTGGGGCAGAGGGCCACCATCTCATGCAGGGCCAGC	ATGCACTGGTACCAACAGAAACCAGGACAGCCACCCAAACTCCTCATCAAG	AACCTAGCTTCTGGGGTCCCT...GCCAGGTTCAGTGGCAGTGGG......TCTGGGACAGACTTCACCCTCAACATCCATCCTGTGGAGGAGGAGGATACTGCAACATATTACTGT	TTCGGAGGGGGGACCAAGCTGGAAATAAAAC	CAAAGTGTCACTACA......TCTAGTTATAGTTAT	TTTGCA.....................TCC	CAGCACATTTGGGAGATTCCGTACACG	homotypic_ATACAACTCAACACGC	12788	24	IGKV3-7		IGKJ2	TGTCAGCACATTTGGGAGATTCCGTACACGTTC	CQHIWEIPYTF	3.28e-17	73.7	IGKJ2*01	IGKJ2*01	100.0	38	0	0	422	459	2	39	1.74e-16	71.3	GTACACGTTCGGAGGGGGGACCAAGCTGGAAATAAAAC	GTACACGTTCGGAGGGGGGACCAAGCTGGAAATAAAAC																			GAAATTGTAATGACACAGTCTCCACCCACCCTGTCTTTGTCTCCAGGGGAAAGAGTCACCCTCTCCTGCAGGGCCAGTCAGAGTGTTAGC...............AGCAGCTACTTATCCTGGTACCAGCAGAAACCTGGGCAGGCTCCCAGGCTCCTCATCTATGGTGCA.....................TCCACCAGGGCCACTGGCATCCCA...GCCAGGTTCAGTGGCAGTGGG......TCTGGGACAGACTTCACTCTCACCATCAGCAGCCTGCAGCCTGAAGATTTTGCAGTTTATTACTGTCAGCAGGATTATAACTTACCGTACACTTTTGGCCAGGGGACCAAGCTGGAGATCAAAC
homotypic_ATCGACATCATGCTTC_contig_2	GAGCAGCTGCCAGGAAGCTAAGAAGCATCCTCTCTTCTAGCTCTCAGAGATGGAGACAGACACACTCCTGCTATGGGTGCTGCTGCTCTGGGTTCCAGGTTCCACTGGTGACATTGTGCTGACACAGTCTCCTGCTTCCTTAGCTGTATCTCTGGGGCAGAGGGCCACCATCTCATGCAGGGCCAGCCAAAGTGTCAGTACTTCTGGCTATAGTTATATGCACTGGTATCAACAGAAACCAGGACAGCCACCCAAACTCCTCATCAAGTATGCATCCAACCTAGCATCTGGGGTCCCTGCCAGGTTCACTGGCAGTGGGTCTGGGACAGACTTCACCCTCAACATCCATCCTGTGGAGGAGGAGGATACTGTAACATATTACTGTCAGCACAATTGGGAGATTCCTCCGACGTTCGGTGGAGGCACCAAGCTGGAAATCAAACGGGCTGATGCTGCACCAACTGTATCCATCTTCCCACCATCCAGTGAGCAGTTAACATCTGGAGGTGCCTCAGTCGTGTGCTTC	F	T	IGKV3-7*02		IGKJ1*01	GACATTGTGCTGACACAGTCTCCTGCTTCCTTAGCTGTATCTCTGGGGCAGAGGGCCACCATCTCATGCAGGGCCAGCCAAAGTGTCAGTACT......TCTGGCTATAGTTATATGCACTGGTATCAACAGAAACCAGGACAGCCACCCAAACTCCTCATCAAGTATGCA.....................TCCAACCTAGCATCTGGGGTCCCT...GCCAGGTTCACTGGCAGTGGG......TCTGGGACAGACTTCACCCTCAACATCCATCCTGTGGAGGAGGAGGATACTGTAACATATTACTGTCAGCACAATTGGGAGATTCCTCCGACGTTCGGTGGAGGCACCAAGCTGGAAATCAAAC	GACATTGTGCTGACACAGTCTCCTGCTTCCTTAGCTGTATCTCTGGGGCAGAGGGCCACCATCTCATGCAGGGCCAGCCAAAGTGTCAGTACA......TCTAGCTATAGTTATATGCACTGGTACCAACAGAAACCAGGACAGCCACCCAAACTCCTCATCAAGTATGCA.....................TCCAACCTAGAATCTGGGGTCCCT...GCCAGGTTCAGTGGCAGTGGG......TCTGGGACAGACTTCACCCTCAACATCCATCCTGTGGAGGAGGAGGATACTGCAACATATTACTGTCAGCACAGTTGGGAGATTCCTCCGACGTTCGGTGGAGGCACCAAGCTGGAAATCAAAC	TGTCAGCACAATTGGGAGATTCCTCCGACGTTC	CQHNWEIPPTF	109S92=1X3=1X22=1X55=1X23=1X62=1X20=1X15=		408S3N35=	F	T	IGK	IGKC	33	0		110	408	1	335					409	443	4	38	445.0	0.97659	5.0999999999999985e-127				68.0	1.0	1.73e-15	GACATTGTGCTGACACAGTCTCCTGCTTCCTTAGCTGTATCTCTGGGGCAGAGGGCCACCATCTCATGCAGGGCCAGC	ATGCACTGGTATCAACAGAAACCAGGACAGCCACCCAAACTCCTCATCAAG	AACCTAGCATCTGGGGTCCCT...GCCAGGTTCACTGGCAGTGGG......TCTGGGACAGACTTCACCCTCAACATCCATCCTGTGGAGGAGGAGGATACTGTAACATATTACTGT	TTCGGTGGAGGCACCAAGCTGGAAATCAAAC	CAAAGTGTCAGTACT......TCTGGCTATAGTTAT	TATGCA.....................TCC	CAGCACAATTGGGAGATTCCTCCGACG	homotypic_ATCGACATCATGCTTC	2667	5	IGKV3-7		IGKJ1	TGTCAGCACAATTGGGAGATTCCTCCGACGTTC	CQHNWEIPPTF	1.73e-15	68.0	IGKJ1*01	IGKJ1*02	100.0	35	0	0	407	441	1	35	7.86e-15	65.8	CCGACGTTCGGTGGAGGCACCAAGCTGGAAATCAA	CCGACGTTCGGTGGAGGCACCAAGCTGGAAATCAA																			GAAATTGTAATGACACAGTCTCCACCCACCCTGTCTTTGTCTCCAGGGGAAAGAGTCACCCTCTCCTGCAGGGCCAGTCAGAGTGTTAGC...............AGCAGCTACTTATCCTGGTACCAGCAGAAACCTGGGCAGGCTCCCAGGCTCCTCATCTATGGTGCA.....................TCCACCAGGGCCACTGGCATCCCA...GCCAGGTTCAGTGGCAGTGGG......TCTGGGACAGACTTCACTCTCACCATCAGCAGCCTGCAGCCTGAAGATTTTGCAGTTTATTACTGTCAGCAGGATTATAACTTACCTCCGACGTTCGGCCAAGGGACCAAGGTGGAAATCAAAC
homotypic_ATCGCATCAGCTAGAA_contig_2	TGGGGATCCTCTCTTCTAGCTCTCAGAGATGGAGACAGACACACTCCTGCTATGGGTGCTGCTGCTCTGGGTTCCAGGTTCCACTGGTGACATTGTGCTGACACAGTCTCCTGCTTCCTTAGTTGTATCTCTGGGGCAGAGGGCCACCATCTCATGCAGGGCCAGCCAAAGTGTCAGTACATCTAGCTATAGTTATATACACTGGTACCAACAGAAACCAGGACAGCCACCCAAACTCCTCATTAAGTATGCATCCAACCCAGAATCTGGGGTCCCTGCCAGGTTCAGTGACAGTGGGTCTGGGACAGACTTCACCCTCAACATCCATCCTGTGGAGGAGGAGGATACTGCAACATATTACTGTCAGCACAGTTGGGAGATTCCGTACACGTTCGGAGGGGGGACCAAGCTGGAAATAAAACGGGCTGATGCTGCACCAACTGTATCCATCTTCCCACCATCCAGTGAGCAGTTAACATCTGGAGGTGCCTCAGTCGTGTGCTTC	F	T	IGKV3-7*02		IGKJ2*01	GACATTGTGCTGACACAGTCTCCTGCTTCCTTAGTTGTATCTCTGGGGCAGAGGGCCACCATCTCATGCAGGGCCAGCCAAAGTGTCAGTACA......TCTAGCTATAGTTATATACACTGGTACCAACAGAAACCAGGACAGCCACCCAAACTCCTCATTAAGTATGCA.....................TCCAACCCAGAATCTGGGGTCCCT...GCCAGGTTCAGTGACAGTGGG......TCTGGGACAGACTTCACCCTCAACATCCATCCTGTGGAGGAGGAGGATACTGCAACATATTACTGTCAGCACAGTTGGGAGATTCCGTACACGTTCGGAGGGGGGACCAAGCTGGAAATAAAAC	GACATTGTGCTGACACAGTCTCCTGCTTCCTTAGCTGTATCTCTGGGGCAGAGGGCCACCATCTCATGCAGGGCCAGCCAAAGTGTCAGTACA......TCTAGCTATAGTTATATGCACTGGTACCAACAGAAACCAGGACAGCCACCCAAACTCCTCATCAAGTATGCA.....................TCCAACCTAGAATCTGGGGTCCCT...GCCAGGTTCAGTGGCAGTGGG......TCTGGGACAGACTTCACCCTCAACATCCATCCTGTGGAGGAGGAGGATACTGCAACATATTACTGTCAGCACAGTTGGGAGATTCCGTACACGTTCGGAGGGGGGACCAAGCTGGAAATAAAAC	TGTCAGCACAGTTGGGAGATTCCGTACACGTTC	CQHSWEIPYTF	88S34=1X75=1X44=1X16=1X29=1X93=		384S1N38=	F	T	IGK	IGKC	33	0		89	384	1	332					385	422	2	39	447.0	0.98311	1.66e-127				73.7	1.0	3.05e-17	GACATTGTGCTGACACAGTCTCCTGCTTCCTTAGTTGTATCTCTGGGGCAGAGGGCCACCATCTCATGCAGGGCCAGC	ATACACTGGTACCAACAGAAACCAGGACAGCCACCCAAACTCCTCATTAAG	AACCCAGAATCTGGGGTCCCT...GCCAGGTTCAGTGACAGTGGG......TCTGGGACAGACTTCACCCTCAACATCCATCCTGTGGAGGAGGAGGATACTGCAACATATTACTGT	TTCGGAGGGGGGACCAAGCTGGAAATAAAAC	CAAAGTGTCAGTACA......TCTAGCTATAGTTAT	TATGCA.....................TCC	CAGCACAGTTGGGAGATTCCGTACACG	homotypic_ATCGCATCAGCTAGAA	21294	51	IGKV3-7		IGKJ2	TGTCAGCACAGTTGGGAGATTCCGTACACGTTC	CQHSWEIPYTF	3.05e-17	73.7	IGKJ2*01	IGKJ2*01	100.0	38	0	0	385	422	2	39	1.62e-16	71.3	GTACACGTTCGGAGGGGGGACCAAGCTGGAAATAAAAC	GTACACGTTCGGAGGGGGGACCAAGCTGGAAATAAAAC																			GAAATTGTAATGACACAGTCTCCACCCACCCTGTCTTTGTCTCCAGGGGAAAGAGTCACCCTCTCCTGCAGGGCCAGTCAGAGTGTTAGC...............AGCAGCTACTTATCCTGGTACCAGCAGAAACCTGGGCAGGCTCCCAGGCTCCTCATCTATGGTGCA.....................TCCACCAGGGCCACTGGCATCCCA...GCCAGGTTCAGTGGCAGTGGG......TCTGGGACAGACTTCACTCTCACCATCAGCAGCCTGCAGCCTGAAGATTTTGCAGTTTATTACTGTCAGCAGGATTATAACTTACCGTACACTTTTGGCCAGGGGACCAAGCTGGAGATCAAAC
homotypic_ATTGAGAAGGCTCTAA_contig_1	TGGGGGCATCCTCTCTTCTAGCTCTCAGAGATGGAGACAGACACACTCCTGCTATGGGTGCTGCTGCTCTGGGTTCCAGGTTCCACTGGTGACATTGTGCTGACACAGTCTCCTGCTTCCTTAGCTGTATCTCTGGGGCAGAGGGCCACCATCTCATGCAGGGCCAGCCAAAGTGTCAGTACATCTATCTATAATTATATGCACTGGTACCAACAGAAGCCAGGACAGCCACCCAAACTCCTCATCAAGTTTGCATCCATCCTAGATTCTGGGGTCCCTGCCAGGTTCAGTGGCAGTGGGTCTGGGACAGACTTCACCCTCAACATCCATCCTGTGGAGGAGGAGGATACTGCAACATATTACTGTCAGCACAGTTGGGAGATTCCGTACACGTTCGGAGGGGGGACCCAGCTGGAAATAAAACGGGCTGATGCTGCACCAACTGTATCCATCTTCCCACCATCCAGTGAGCAGTTAACATCTGGAGGTGCCTCAGTCGTGTGCTTC	F	T	IGKV3-7*02		IGKJ2*01	GACATTGTGCTGACACAGTCTCCTGCTTCCTTAGCTGTATCTCTGGGGCAGAGGGCCACCATCTCATGCAGGGCCAGCCAAAGTGTCAGTACA......TCTATCTATAATTATATGCACTGGTACCAACAGAAGCCAGGACAGCCACCCAAACTCCTCATCAAGTTTGCA.....................TCCATCCTAGATTCTGGGGTCCCT...GCCAGGTTCAGTGGCAGTGGG......TCTGGGACAGACTTCACCCTCAACATCCATCCTGTGGAGGAGGAGGATACTGCAACATATTACTGTCAGCACAGTTGGGAGATTCCGTACACGTTCGGAGGGGGGACCCAGCTGGAAATAAAAC	GACATTGTGCTGACACAGTCTCCTGCTTCCTTAGCTGTATCTCTGGGGCAGAGGGCCACCATCTCATGCAGGGCCAGCCAAAGTGTCAGTACA......TCTAGCTATAGTTATATGCACTGGTACCAACAGAAACCAGGACAGCCACCCAAACTCCTCATCAAGTATGCA.....................TCCAACCTAGAATCTGGGGTCCCT...GCCAGGTTCAGTGGCAGTGGG......TCTGGGACAGACTTCACCCTCAACATCCATCCTGTGGAGGAGGAGGATACTGCAACATATTACTGTCAGCACAGTTGGGAGATTCCGTACACGTTCGGAGGGGGGACCAAGCTGGAAATAAAAC	TGTCAGCACAGTTGGGAGATTCCGTACACGTTC	CQHSWEIPYTF	90S97=1X5=1X24=1X31=1X8=1X6=1X119=		386S1N22=1X15=	F	T	IGK	IGKC	33	0		91	386	1	332					387	424	2	39	444.0	0.97973	1.4399999999999995e-126				68.0	0.97368	1.67e-15	GACATTGTGCTGACACAGTCTCCTGCTTCCTTAGCTGTATCTCTGGGGCAGAGGGCCACCATCTCATGCAGGGCCAGC	ATGCACTGGTACCAACAGAAGCCAGGACAGCCACCCAAACTCCTCATCAAG	ATCCTAGATTCTGGGGTCCCT...GCCAGGTTCAGTGGCAGTGGG......TCTGGGACAGACTTCACCCTCAACATCCATCCTGTGGAGGAGGAGGATACTGCAACATATTACTGT	TTCGGAGGGGGGACCCAGCTGGAAATAAAAC	CAAAGTGTCAGTACA......TCTATCTATAATTAT	TTTGCA.....................TCC	CAGCACAGTTGGGAGATTCCGTACACG	homotypic_ATTGAGAAGGCTCTAA	2671	5	IGKV3-7		IGKJ2	TGTCAGCACAGTTGGGAGATTCCGTACACGTTC	CQHSWEIPYTF	1.67e-15	68.0	IGKJ2*01	IGKJ2*01	97.368	38	1	0	387	424	2	39	7.57e-15	65.8	GTACACGTTCGGAGGGGGGACCCAGCTGGAAATAAAAC	GTACACGTTCGGAGGGGGGACCAAGCTGGAAATAAAAC																			GAAATTGTAATGACACAGTCTCCACCCACCCTGTCTTTGTCTCCAGGGGAAAGAGTCACCCTCTCCTGCAGGGCCAGTCAGAGTGTTAGC...............AGCAGCTACTTATCCTGGTACCAGCAGAAACCTGGGCAGGCTCCCAGGCTCCTCATCTATGGTGCA.....................TCCACCAGGGCCACTGGCATCCCA...GCCAGGTTCAGTGGCAGTGGG......TCTGGGACAGACTTCACTCTCACCATCAGCAGCCTGCAGCCTGAAGATTTTGCAGTTTATTACTGTCAGCAGGATTATAACTTACCGTACACTTTTGGCCAGGGGACCAAGCTGGAGATCAAAC
homotypic_ATTGCATAGGCGTAGA_contig_1	TGGGGAGCATCCTCTCTTCTAGCTCTCAGAGATGGAGACAGACACACTCCTGCTATGGGTGCTGCTGCTCTGGGTTCCAGGTTCCACTGGTGACATTGTGCTGACACAGTCTCCTGCTTCCTTAGCTGTTTCTCTGGGGCAGAGGGCCACCATCTCATGCAGGGCCAGCCAAAGTGTCAGTACTTCTAGCTATAGTTATATGCACTGGTACCAACAGAAACCAGGACAGCCACCCAAACTCCTCATCAAGTATGCATCCAACCTCCAATCTGGGGTCCCTGCCAGGTTCAGTGGCAGTGGGTCTGGGACAGACTTCACCCTCAACATCCATCCTGTGGAGGAGGAGGATACTGCAACATATTACTGTCAGCACAGTTGGGAGATTCCTCGGACGTTCGGTGGAGGCACCAAGCTGGAAATCAAACGGGCTGATGCTGCACCAACTGTATCCATCTTCCCACCATCCAGTGAGCAGTTAACATCTGGAGGTGCCTCAGTCGTGTGCTTC	F	T	IGKV3-7*02		IGKJ1*01	GACATTGTGCTGACACAGTCTCCTGCTTCCTTAGCTGTTTCTCTGGGGCAGAGGGCCACCATCTCATGCAGGGCCAGCCAAAGTGTCAGTACT......TCTAGCTATAGTTATATGCACTGGTACCAACAGAAACCAGGACAGCCACCCAAACTCCTCATCAAGTATGCA.....................TCCAACCTCCAATCTGGGGTCCCT...GCCAGGTTCAGTGGCAGTGGG......TCTGGGACAGACTTCACCCTCAACATCCATCCTGTGGAGGAGGAGGATACTGCAACATATTACTGTCAGCACAGTTGGGAGATTCCTCGGACGTTCGGTGGAGGCACCAAGCTGGAAATCAAAC	GACATTGTGCTGACACAGTCTCCTGCTTCCTTAGCTGTATCTCTGGGGCAGAGGGCCACCATCTCATGCAGGGCCAGCCAAAGTGTCAGTACA......TCTAGCTATAGTTATATGCACTGGTACCAACAGAAACCAGGACAGCCACCCAAACTCCTCATCAAGTATGCA.....................TCCAACCTAGAATCTGGGGTCCCT...GCCAGGTTCAGTGGCAGTGGG......TCTGGGACAGACTTCACCCTCAACATCCATCCTGTGGAGGAGGAGGATACTGCAACATATTACTGTCAGCACAGTTGGGAGATTCCTCGGACGTTCGGTGGAGGCACCAAGCTGGAAATCAAAC	TGTCAGCACAGTTGGGAGATTCCTCGGACGTTC	CQHSWEIPRTF	91S38=1X53=1X80=2X123=		389S2N36=	F	T	IGK	IGKC	33	0		92	389	1	334					390	425	3	38	453.0	0.98658	2.22e-129				69.9	1.0	4.41e-16	GACATTGTGCTGACACAGTCTCCTGCTTCCTTAGCTGTTTCTCTGGGGCAGAGGGCCACCATCTCATGCAGGGCCAGC	ATGCACTGGTACCAACAGAAACCAGGACAGCCACCCAAACTCCTCATCAAG	AACCTCCAATCTGGGGTCCCT...GCCAGGTTCAGTGGCAGTGGG......TCTGGGACAGACTTCACCCTCAACATCCATCCTGTGGAGGAGGAGGATACTGCAACATATTACTGT	TTCGGTGGAGGCACCAAGCTGGAAATCAAAC	CAAAGTGTCAGTACT......TCTAGCTATAGTTAT	TATGCA.....................TCC	CAGCACAGTTGGGAGATTCCTCGGACG	homotypic_ATTGCATAGGCGTAGA	14604	30	IGKV3-7		IGKJ1	TGTCAGCACAGTTGGGAGATTCCTCGGACGTTC	CQHSWEIPRTF	4.41e-16	69.9	IGKJ1*01	IGKJ1*01	100.0	36	0	0	390	425	3	38	2.11e-15	67.6	GGACGTTCGGTGGAGGCACCAAGCTGGAAATCAAAC	GGACGTTCGGTGGAGGCACCAAGCTGGAAATCAAAC																			GAAATTGTAATGACACAGTCTCCACCCACCCTGTCTTTGTCTCCAGGGGAAAGAGTCACCCTCTCCTGCAGGGCCAGTCAGAGTGTTAGC...............AGCAGCTACTTATCCTGGTACCAGCAGAAACCTGGGCAGGCTCCCAGGCTCCTCATCTATGGTGCA.....................TCCACCAGGGCCACTGGCATCCCA...GCCAGGTTCAGTGGCAGTGGG......TCTGGGACAGACTTCACTCTCACCATCAGCAGCCTGCAGCCTGAAGATTTTGCAGTTTATTACTGTCAGCAGGATTATAACTTACCTCGGACGTTCGGCCAAGGGACCAAGGTGGAAATCAAAC
homotypic_CAGCCCCGTATCATGA_contig_1	TGGGGATCCTCTCTTCTAGCTCTCAGAGATGGAGACAGACACACTCCTGCTATGGGTGCTGCTGCTCTGGGTTCCAGGTTCCACTGGTGACATTGTACTGACACAGTCTCCTGCTTCCTTAGCTGTATCTCTGGGGCAGAGGGCCACCATCTCTTGCAGGGCCAGTCAAAGTGTCAGAACATCTAGCTATAGTTATATGCACTGGTACCAACAGAAAGCAGGACAGCCACCCAAACTCCTCATCAAGTATGCATCCAACCCAGAATCTGGGGTCCCTGCCAGGTTCAGTGGCAGTGGGTCTGGGACAGACTTCACCCTCAACATCCATCCTGTGGAGGAGGTGGATACTGCAACATATTTCTGTCAGCACAGTTGGGAGATTCCGTACACGTTCGGAGGGGGGACCAAGCTGGAAATAAAACGGGCTGATGCTGCACCAACTGTATCCATCTTCCCACCATCCAGTGAGCAGTTAACATCTGGAGGTGCCTCAGTCGTGTGCTTC	F	T	IGKV3-7*02		IGKJ2*01	GACATTGTACTGACACAGTCTCCTGCTTCCTTAGCTGTATCTCTGGGGCAGAGGGCCACCATCTCTTGCAGGGCCAGTCAAAGTGTCAGAACA......TCTAGCTATAGTTATATGCACTGGTACCAACAGAAAGCAGGACAGCCACCCAAACTCCTCATCAAGTATGCA.....................TCCAACCCAGAATCTGGGGTCCCT...GCCAGGTTCAGTGGCAGTGGG......TCTGGGACAGACTTCACCCTCAACATCCATCCTGTGGAGGAGGTGGATACTGCAACATATTTCTGTCAGCACAGTTGGGAGATTCCGTACACGTTCGGAGGGGGGACCAAGCTGGAAATAAAAC	GACATTGTGCTGACACAGTCTCCTGCTTCCTTAGCTGTATCTCTGGGGCAGAGGGCCACCATCTCATGCAGGGCCAGCCAAAGTGTCAGTACA......TCTAGCTATAGTTATATGCACTGGTACCAACAGAAACCAGGACAGCCACCCAAACTCCTCATCAAGTATGCA.....................TCCAACCTAGAATCTGGGGTCCCT...GCCAGGTTCAGTGGCAGTGGG......TCTGGGACAGACTTCACCCTCAACATCCATCCTGTGGAGGAGGAGGATACTGCAACATATTACTGTCAGCACAGTTGGGAGATTCCGTACACGTTCGGAGGGGGGACCAAGCTGGAAATAAAAC	TGTCAGCACAGTTGGGAGATTCCGTACACGTTC	CQHSWEIPYTF	88S8=1X56=1X11=1X11=1X39=1X42=1X80=1X17=1X24=		384S1N38=	F	T	IGK	IGKC	33	0		89	384	1	332					385	422	2	39	438.0	0.97297	1.0800000000000001e-124				73.7	1.0	3.05e-17	GACATTGTACTGACACAGTCTCCTGCTTCCTTAGCTGTATCTCTGGGGCAGAGGGCCACCATCTCTTGCAGGGCCAGT	ATGCACTGGTACCAACAGAAAGCAGGACAGCCACCCAAACTCCTCATCAAG	AACCCAGAATCTGGGGTCCCT...GCCAGGTTCAGTGGCAGTGGG......TCTGGGACAGACTTCACCCTCAACATCCATCCTGTGGAGGAGGTGGATACTGCAACATATTTCTGT	TTCGGAGGGGGGACCAAGCTGGAAATAAAAC	CAAAGTGTCAGAACA......TCTAGCTATAGTTAT	TATGCA.....................TCC	CAGCACAGTTGGGAGATTCCGTACACG	homotypic_CAGCCCCGTATCATGA	42758	97	IGKV3-7		IGKJ2	TGTCAGCACAGTTGGGAGATTCCGTACACGTTC	CQHSWEIPYTF	3.05e-17	73.7	IGKJ2*01	IGKJ2*01	100.0	38	0	0	385	422	2	39	1.62e-16	71.3	GTACACGTTCGGAGGGGGGACCAAGCTGGAAATAAAAC	GTACACGTTCGGAGGGGGGACCAAGCTGGAAATAAAAC																			GAAATTGTAATGACACAGTCTCCACCCACCCTGTCTTTGTCTCCAGGGGAAAGAGTCACCCTCTCCTGCAGGGCCAGTCAGAGTGTTAGC...............AGCAGCTACTTATCCTGGTACCAGCAGAAACCTGGGCAGGCTCCCAGGCTCCTCATCTATGGTGCA.....................TCCACCAGGGCCACTGGCATCCCA...GCCAGGTTCAGTGGCAGTGGG......TCTGGGACAGACTTCACTCTCACCATCAGCAGCCTGCAGCCTGAAGATTTTGCAGTTTATTACTGTCAGCAGGATTATAACTTACCGTACACTTTTGGCCAGGGGACCAAGCTGGAGATCAAAC
homotypic_CAGCGAAAGCCACGAT_contig_1	TGGGGAGAGATGGAGACAGACACACTCCTGCTATGGGTGCTGCTGCTCTGGGTTCCAGGTTCCACTGGTGACATTGTGCTGACACAGTCTCCTGCTTCCTTAGCTGTATCTCTGGGGCAGAGGGCCACCATCTCATGCAGGGCCAGCCAAAGTGTCAGTACATCTAGCTATAGTTATATACACTGGTACCAACAGAAACCAGGACAGCCACCCAAACTCCTCATTAAGTATGCATCCAACCCAGAATCTGGGGTCCCTGCCAGGTTCAGTGGCAGTGGGTCTGGGACAGACTTCACCCTCAACATCCATCCTGTGGAGGAGGAGGATACTGCAACATATTACTGTCAGCACAGTTGGGAGATTCCGTACACGTTCGGAGGGGGGACCAAGCTGGAAATAAAACGGGCTGATGCTGCACCAACTGTATCCATCTTCCCACCATCCAGTGAGCAGTTAACATCTGGAGGTGCCTCAGTCGTGTGCTTC	F	T	IGKV3-7*02		IGKJ2*01	GACATTGTGCTGACACAGTCTCCTGCTTCCTTAGCTGTATCTCTGGGGCAGAGGGCCACCATCTCATGCAGGGCCAGCCAAAGTGTCAGTACA......TCTAGCTATAGTTATATACACTGGTACCAACAGAAACCAGGACAGCCACCCAAACTCCTCATTAAGTATGCA.....................TCCAACCCAGAATCTGGGGTCCCT...GCCAGGTTCAGTGGCAGTGGG......TCTGGGACAGACTTCACCCTCAACATCCATCCTGTGGAGGAGGAGGATACTGCAACATATTACTGTCAGCACAGTTGGGAGATTCCGTACACGTTCGGAGGGGGGACCAAGCTGGAAATAAAAC	GACATTGTGCTGACACAGTCTCCTGCTTCCTTAGCTGTATCTCTGGGGCAGAGGGCCACCATCTCATGCAGGGCCAGCCAAAGTGTCAGTACA......TCTAGCTATAGTTATATGCACTGGTACCAACAGAAACCAGGACAGCCACCCAAACTCCTCATCAAGTATGCA.....................TCCAACCTAGAATCTGGGGTCCCT...GCCAGGTTCAGTGGCAGTGGG......TCTGGGACAGACTTCACCCTCAACATCCATCCTGTGGAGGAGGAGGATACTGCAACATATTACTGTCAGCACAGTTGGGAGATTCCGTACACGTTCGGAGGGGGGACCAAGCTGGAAATAAAAC	TGTCAGCACAGTTGGGAGATTCCGTACACGTTC	CQHSWEIPYTF	69S110=1X44=1X16=1X123=		365S1N38=	F	T	IGK	IGKC	33	0		70	365	1	332					366	403	2	39	453.0	0.98986	2.12e-129				73.7	1.0	2.93e-17	GACATTGTGCTGACACAGTCTCCTGCTTCCTTAGCTGTATCTCTGGGGCAGAGGGCCACCATCTCATGCAGGGCCAGC	ATACACTGGTACCAACAGAAACCAGGACAGCCACCCAAACTCCTCATTAAG	AACCCAGAATCTGGGGTCCCT...GCCAGGTTCAGTGGCAGTGGG......TCTGGGACAGACTTCACCCTCAACATCCATCCTGTGGAGGAGGAGGATACTGCAACATATTACTGT	TTCGGAGGGGGGACCAAGCTGGAAATAAAAC	CAAAGTGTCAGTACA......TCTAGCTATAGTTAT	TATGCA.....................TCC	CAGCACAGTTGGGAGATTCCGTACACG	homotypic_CAGCGAAAGCCACGAT	2915	8	IGKV3-7		IGKJ2	TGTCAGCACAGTTGGGAGATTCCGTACACGTTC	CQHSWEIPYTF	2.93e-17	73.7	IGKJ2*01	IGKJ2*01	100.0	38	0	0	366	403	2	39	1.56e-16	71.3	GTACACGTTCGGAGGGGGGACCAAGCTGGAAATAAAAC	GTACACGTTCGGAGGGGGGACCAAGCTGGAAATAAAAC																			GAAATTGTAATGACACAGTCTCCACCCACCCTGTCTTTGTCTCCAGGGGAAAGAGTCACCCTCTCCTGCAGGGCCAGTCAGAGTGTTAGC...............AGCAGCTACTTATCCTGGTACCAGCAGAAACCTGGGCAGGCTCCCAGGCTCCTCATCTATGGTGCA.....................TCCACCAGGGCCACTGGCATCCCA...GCCAGGTTCAGTGGCAGTGGG......TCTGGGACAGACTTCACTCTCACCATCAGCAGCCTGCAGCCTGAAGATTTTGCAGTTTATTACTGTCAGCAGGATTATAACTTACCGTACACTTTTGGCCAGGGGACCAAGCTGGAGATCAAAC
homotypic_CCAGTGCCACGAAGTA_contig_1	TTATGGGGATCCTCTCTTCTAGCTCTCAGAGATGGAGACAGACACACTCCTGCTATGGGTGCTGCTGCTCTGGGTTCCAGGTTCCACTGGTGACATTGTGCTGACACAGTCTCCTGCTTCCTTAGCTGTATCTCTGGGGCAGAGGGCCACCATCTCTTGCAGGGCCAGCCACAGTGTCAGAACATCTAGCTATAGTTATATGCACTGGTACCAACAGAAACCAGGACAGCCACCCAAACTCCTCATCAAGTATGCATCCAACCTAGAATCTGGGGTCCCTGCCAGGTTCAGTGGCAGTGGGTCTGGGACAGACTTCACCCTCAACATCCATCCTGTGGAGGAGGAGGATACTGCAACATATTTCTGTCAGCACAGTTGGGAGATTCCGTACACGTTCGGAGGGGGGACCAAGCTGAAAATAAAACGGGCTGATGCTGCACCAACTGTATCCATCTTCCCACCATCCAGTGAGCAGTTAACATCTGGAGGTGCCTCAGTCGTGTGCTTC	F	T	IGKV3-7*02		IGKJ2*01	GACATTGTGCTGACACAGTCTCCTGCTTCCTTAGCTGTATCTCTGGGGCAGAGGGCCACCATCTCTTGCAGGGCCAGCCACAGTGTCAGAACA......TCTAGCTATAGTTATATGCACTGGTACCAACAGAAACCAGGACAGCCACCCAAACTCCTCATCAAGTATGCA.....................TCCAACCTAGAATCTGGGGTCCCT...GCCAGGTTCAGTGGCAGTGGG......TCTGGGACAGACTTCACCCTCAACATCCATCCTGTGGAGGAGGAGGATACTGCAACATATTTCTGTCAGCACAGTTGGGAGATTCCGTACACGTTCGGAGGGGGGACCAAGCTGAAAATAAAAC	GACATTGTGCTGACACAGTCTCCTGCTTCCTTAGCTGTATCTCTGGGGCAGAGGGCCACCATCTCATGCAGGGCCAGCCAAAGTGTCAGTACA......TCTAGCTATAGTTATATGCACTGGTACCAACAGAAACCAGGACAGCCACCCAAACTCCTCATCAAGTATGCA.....................TCCAACCTAGAATCTGGGGTCCCT...GCCAGGTTCAGTGGCAGTGGG......TCTGGGACAGACTTCACCCTCAACATCCATCCTGTGGAGGAGGAGGATACTGCAACATATTACTGTCAGCACAGTTGGGAGATTCCGTACACGTTCGGAGGGGGGACCAAGCTGGAAATAAAAC	TGTCAGCACAGTTGGGAGATTCCGTACACGTTC	CQHSWEIPYTF	91S65=1X14=1X8=1X181=1X24=		387S1N28=1X9=	F	T	IGK	IGKC	33	0		92	387	1	332					388	425	2	39	450.0	0.98649	1.92e-128				68.0	0.97368	1.67e-15	GACATTGTGCTGACACAGTCTCCTGCTTCCTTAGCTGTATCTCTGGGGCAGAGGGCCACCATCTCTTGCAGGGCCAGC	ATGCACTGGTACCAACAGAAACCAGGACAGCCACCCAAACTCCTCATCAAG	AACCTAGAATCTGGGGTCCCT...GCCAGGTTCAGTGGCAGTGGG......TCTGGGACAGACTTCACCCTCAACATCCATCCTGTGGAGGAGGAGGATACTGCAACATATTTCTGT	TTCGGAGGGGGGACCAAGCTGAAAATAAAAC	CACAGTGTCAGAACA......TCTAGCTATAGTTAT	TATGCA.....................TCC	CAGCACAGTTGGGAGATTCCGTACACG	homotypic_CCAGTGCCACGAAGTA	35546	108	IGKV3-7		IGKJ2	TGTCAGCACAGTTGGGAGATTCCGTACACGTTC	CQHSWEIPYTF	1.67e-15	68.0	IGKJ2*01	IGKJ2*01	97.368	38	1	0	388	425	2	39	7.59e-15	65.8	GTACACGTTCGGAGGGGGGACCAAGCTGAAAATAAAAC	GTACACGTTCGGAGGGGGGACCAAGCTGGAAATAAAAC																			GAAATTGTAATGACACAGTCTCCACCCACCCTGTCTTTGTCTCCAGGGGAAAGAGTCACCCTCTCCTGCAGGGCCAGTCAGAGTGTTAGC...............AGCAGCTACTTATCCTGGTACCAGCAGAAACCTGGGCAGGCTCCCAGGCTCCTCATCTATGGTGCA.....................TCCACCAGGGCCACTGGCATCCCA...GCCAGGTTCAGTGGCAGTGGG......TCTGGGACAGACTTCACTCTCACCATCAGCAGCCTGCAGCCTGAAGATTTTGCAGTTTATTACTGTCAGCAGGATTATAACTTACCGTACACTTTTGGCCAGGGGACCAAGCTGGAGATCAAAC
homotypic_CCCTAGACAAGGGACT_contig_1	TGGGGATCCTCTCTTCTAGCTCTCAGAGATGGAGACAGACACACTCCTGCTATGGGTGCTGCTGCTCTGGGTTCCAGGTTCCACTGGTGACATTGTGCTGACACAGTCTCCTGCTTCCTTAGCTGTATCTCTGGGGCAGAGGGCCACCATCTCTTGCAGGGCCAGCCAAAGTGTCAGAACATCTAGCTATAGTTATATGCACTGGTACCAACAGAAACCAGGACAGCCACCCAAACTCCTCATCAAGTATGCATCCAACCTAGAATCTGGGGTCCCTGCCAGGTTCAGTGGCAGTGGGTCTGGGACAGACTTCACCCTCAACATCCATCCTGTGGAGGAGGAGGATACTTCAACATATTTCTGTCAGCACAGTTGGGAGATTCCGTACACGTTCGGAGGGGGGACCAAGCTGGAAATAAAACGGGCTGATGCTGCACCAACTGTATCCATCTTCCCACCATCCAGTGAGCAGTTAACATCTGGAGGTGCCTCAGTCGTGTGCTTC	F	T	IGKV3-7*02		IGKJ2*01	GACATTGTGCTGACACAGTCTCCTGCTTCCTTAGCTGTATCTCTGGGGCAGAGGGCCACCATCTCTTGCAGGGCCAGCCAAAGTGTCAGAACA......TCTAGCTATAGTTATATGCACTGGTACCAACAGAAACCAGGACAGCCACCCAAACTCCTCATCAAGTATGCA.....................TCCAACCTAGAATCTGGGGTCCCT...GCCAGGTTCAGTGGCAGTGGG......TCTGGGACAGACTTCACCCTCAACATCCATCCTGTGGAGGAGGAGGATACTTCAACATATTTCTGTCAGCACAGTTGGGAGATTCCGTACACGTTCGGAGGGGGGACCAAGCTGGAAATAAAAC	GACATTGTGCTGACACAGTCTCCTGCTTCCTTAGCTGTATCTCTGGGGCAGAGGGCCACCATCTCATGCAGGGCCAGCCAAAGTGTCAGTACA......TCTAGCTATAGTTATATGCACTGGTACCAACAGAAACCAGGACAGCCACCCAAACTCCTCATCAAGTATGCA.....................TCCAACCTAGAATCTGGGGTCCCT...GCCAGGTTCAGTGGCAGTGGG......TCTGGGACAGACTTCACCCTCAACATCCATCCTGTGGAGGAGGAGGATACTGCAACATATTACTGTCAGCACAGTTGGGAGATTCCGTACACGTTCGGAGGGGGGACCAAGCTGGAAATAAAAC	TGTCAGCACAGTTGGGAGATTCCGTACACGTTC	CQHSWEIPYTF	88S65=1X23=1X171=1X9=1X24=		384S1N38=	F	T	IGK	IGKC	33	0		89	384	1	332					385	422	2	39	450.0	0.98649	1.91e-128				73.7	1.0	3.05e-17	GACATTGTGCTGACACAGTCTCCTGCTTCCTTAGCTGTATCTCTGGGGCAGAGGGCCACCATCTCTTGCAGGGCCAGC	ATGCACTGGTACCAACAGAAACCAGGACAGCCACCCAAACTCCTCATCAAG	AACCTAGAATCTGGGGTCCCT...GCCAGGTTCAGTGGCAGTGGG......TCTGGGACAGACTTCACCCTCAACATCCATCCTGTGGAGGAGGAGGATACTTCAACATATTTCTGT	TTCGGAGGGGGGACCAAGCTGGAAATAAAAC	CAAAGTGTCAGAACA......TCTAGCTATAGTTAT	TATGCA.....................TCC	CAGCACAGTTGGGAGATTCCGTACACG	homotypic_CCCTAGACAAGGGACT	33529	61	IGKV3-7		IGKJ2	TGTCAGCACAGTTGGGAGATTCCGTACACGTTC	CQHSWEIPYTF	3.05e-17	73.7	IGKJ2*01	IGKJ2*01	100.0	38	0	0	385	422	2	39	1.62e-16	71.3	GTACACGTTCGGAGGGGGGACCAAGCTGGAAATAAAAC	GTACACGTTCGGAGGGGGGACCAAGCTGGAAATAAAAC																			GAAATTGTAATGACACAGTCTCCACCCACCCTGTCTTTGTCTCCAGGGGAAAGAGTCACCCTCTCCTGCAGGGCCAGTCAGAGTGTTAGC...............AGCAGCTACTTATCCTGGTACCAGCAGAAACCTGGGCAGGCTCCCAGGCTCCTCATCTATGGTGCA.....................TCCACCAGGGCCACTGGCATCCCA...GCCAGGTTCAGTGGCAGTGGG......TCTGGGACAGACTTCACTCTCACCATCAGCAGCCTGCAGCCTGAAGATTTTGCAGTTTATTACTGTCAGCAGGATTATAACTTACCGTACACTTTTGGCCAGGGGACCAAGCTGGAGATCAAAC
homotypic_CGATTTACAGTCATAC_contig_2	GAAGCATCCCCTCTTCTAGCTCTCAGAGATGGAGACAGACACACTCCTGCTATGGGTGCTGCTGCTCTGGGTTCCAGGTTCCACTGGTGACATTGTGCTGACACAGTCTCCTGCTTCCTTAGCTGTCTCTCTGGGGCAGAGGGCCACCATCTCATGCAGGGCCAGCCAAAGTGTCAGTACATCTACCTATAGTTATATGCACTGGTACCAACAGAAACCAGGACAGCCACCCAAACTCCTCATCAAGTATGCATCCAACCTAGAATCTGGGGTCCCTGCCAGGTTCAGTGGCAGTGGGTCTGGGACAGACTTCACCCTCAACATCCATCCTGTGGAGGAGGAGGATACTGCAACATATTACTGTCAGCACAGTTGGGAGATTCCATTCACGTTCGGCTCGGGGACAAAGTTGGAAATAAAACGGGCTGATGCTGCACCAACTGTATCCATCTTCCCACCATCCAGTGAGCAGTTAACATCTGGAGGTGCCTCAGTCGTGTGCTTC	F	T	IGKV3-7*02		IGKJ4*01	GACATTGTGCTGACACAGTCTCCTGCTTCCTTAGCTGTCTCTCTGGGGCAGAGGGCCACCATCTCATGCAGGGCCAGCCAAAGTGTCAGTACA......TCTACCTATAGTTATATGCACTGGTACCAACAGAAACCAGGACAGCCACCCAAACTCCTCATCAAGTATGCA.....................TCCAACCTAGAATCTGGGGTCCCT...GCCAGGTTCAGTGGCAGTGGG......TCTGGGACAGACTTCACCCTCAACATCCATCCTGTGGAGGAGGAGGATACTGCAACATATTACTGTCAGCACAGTTGGGAGATTCCATTCACGTTCGGCTCGGGGACAAAGTTGGAAATAAAAC	GACATTGTGCTGACACAGTCTCCTGCTTCCTTAGCTGTATCTCTGGGGCAGAGGGCCACCATCTCATGCAGGGCCAGCCAAAGTGTCAGTACA......TCTAGCTATAGTTATATGCACTGGTACCAACAGAAACCAGGACAGCCACCCAAACTCCTCATCAAGTATGCA.....................TCCAACCTAGAATCTGGGGTCCCT...GCCAGGTTCAGTGGCAGTGGG......TCTGGGACAGACTTCACCCTCAACATCCATCCTGTGGAGGAGGAGGATACTGCAACATATTACTGTCAGCACAGTTGGGAGATTCCATTCACGTTCGGCTCGGGGACAAAGTTGGAAATAAAAC	TGTCAGCACAGTTGGGAGATTCCATTCACGTTC	CQHSWEIPFTF	88S38=1X58=1X198=		384S38=	F	T	IGK	IGKC	33	0		89	384	1	332					385	422	1	38	456.0	0.99324	2.54e-130				73.7	1.0	3.05e-17	GACATTGTGCTGACACAGTCTCCTGCTTCCTTAGCTGTCTCTCTGGGGCAGAGGGCCACCATCTCATGCAGGGCCAGC	ATGCACTGGTACCAACAGAAACCAGGACAGCCACCCAAACTCCTCATCAAG	AACCTAGAATCTGGGGTCCCT...GCCAGGTTCAGTGGCAGTGGG......TCTGGGACAGACTTCACCCTCAACATCCATCCTGTGGAGGAGGAGGATACTGCAACATATTACTGT	TTCGGCTCGGGGACAAAGTTGGAAATAAAAC	CAAAGTGTCAGTACA......TCTACCTATAGTTAT	TATGCA.....................TCC	CAGCACAGTTGGGAGATTCCATTCACG	homotypic_CGATTTACAGTCATAC	698	2	IGKV3-7		IGKJ4	TGTCAGCACAGTTGGGAGATTCCATTCACGTTC	CQHSWEIPFTF	3.05e-17	73.7	IGKJ4*01	IGKJ4*01	100.0	38	0	0	385	422	1	38	1.62e-16	71.3	ATTCACGTTCGGCTCGGGGACAAAGTTGGAAATAAAAC	ATTCACGTTCGGCTCGGGGACAAAGTTGGAAATAAAAC																			GAAATTGTAATGACACAGTCTCCACCCACCCTGTCTTTGTCTCCAGGGGAAAGAGTCACCCTCTCCTGCAGGGCCAGTCAGAGTGTTAGC...............AGCAGCTACTTATCCTGGTACCAGCAGAAACCTGGGCAGGCTCCCAGGCTCCTCATCTATGGTGCA.....................TCCACCAGGGCCACTGGCATCCCA...GCCAGGTTCAGTGGCAGTGGG......TCTGGGACAGACTTCACTCTCACCATCAGCAGCCTGCAGCCTGAAGATTTTGCAGTTTATTACTGTCAGCAGGATTATAACTTACCGCTCACTTTCGGCGGAGGGACCAAGGTGGAGATCAAAC
homotypic_CGCGCTCGTGGCTAGC_contig_1	TGGGGATCCTCTCTTCTAGCTCTCAGAGATGGAGACAGACACACTCCTGCTATGGGTGCTGCTGCTCTGGGTTCCAGGTTCCACTGGTGACATTGTGCTGACACAGTCTCCTACTTCCTTAGCTGTATCTCTGGGGCAGAGGGCCACCATCTCTTGCAGGGCCAGCCAAAGTGTCAGAACATCTACCTATAGTTATATGCACTGGTACCAACAGAAACCAGGCCAGCCACCCAAACTCCTCATCAAGTATGCATCCAACCTAGAATCTGGGGTCCCTGCCAGGTTCAGTGGCAGTGGGTCTGGGACAGACTTCACCCTCAACATCCATCCTGTGGAGGAGGTGGATACTGCAACATATTTCTGTCAGCACAGTTGGGAGATTCCGTACACGTTCGGAGGGGGGACCAAGCTGGAAATAAAACGGGCTGATGCTGCACCAACTGTATCCATCTTCCCACCATCCAGTGAGCAGTTAACATCTGGAGGTGCCTCAGTCGTGTGCTTC	F	T	IGKV3-7*02		IGKJ2*01	GACATTGTGCTGACACAGTCTCCTACTTCCTTAGCTGTATCTCTGGGGCAGAGGGCCACCATCTCTTGCAGGGCCAGCCAAAGTGTCAGAACA......TCTACCTATAGTTATATGCACTGGTACCAACAGAAACCAGGCCAGCCACCCAAACTCCTCATCAAGTATGCA.....................TCCAACCTAGAATCTGGGGTCCCT...GCCAGGTTCAGTGGCAGTGGG......TCTGGGACAGACTTCACCCTCAACATCCATCCTGTGGAGGAGGTGGATACTGCAACATATTTCTGTCAGCACAGTTGGGAGATTCCGTACACGTTCGGAGGGGGGACCAAGCTGGAAATAAAAC	GACATTGTGCTGACACAGTCTCCTGCTTCCTTAGCTGTATCTCTGGGGCAGAGGGCCACCATCTCATGCAGGGCCAGCCAAAGTGTCAGTACA......TCTAGCTATAGTTATATGCACTGGTACCAACAGAAACCAGGACAGCCACCCAAACTCCTCATCAAGTATGCA.....................TCCAACCTAGAATCTGGGGTCCCT...GCCAGGTTCAGTGGCAGTGGG......TCTGGGACAGACTTCACCCTCAACATCCATCCTGTGGAGGAGGAGGATACTGCAACATATTACTGTCAGCACAGTTGGGAGATTCCGTACACGTTCGGAGGGGGGACCAAGCTGGAAATAAAAC	TGTCAGCACAGTTGGGAGATTCCGTACACGTTC	CQHSWEIPYTF	88S24=1X40=1X23=1X7=1X36=1X118=1X17=1X24=		384S1N38=	F	T	IGK	IGKC	33	0		89	384	1	332					385	422	2	39	441.0	0.97635	1.2500000000000002e-125				73.7	1.0	3.05e-17	GACATTGTGCTGACACAGTCTCCTACTTCCTTAGCTGTATCTCTGGGGCAGAGGGCCACCATCTCTTGCAGGGCCAGC	ATGCACTGGTACCAACAGAAACCAGGCCAGCCACCCAAACTCCTCATCAAG	AACCTAGAATCTGGGGTCCCT...GCCAGGTTCAGTGGCAGTGGG......TCTGGGACAGACTTCACCCTCAACATCCATCCTGTGGAGGAGGTGGATACTGCAACATATTTCTGT	TTCGGAGGGGGGACCAAGCTGGAAATAAAAC	CAAAGTGTCAGAACA......TCTACCTATAGTTAT	TATGCA.....................TCC	CAGCACAGTTGGGAGATTCCGTACACG	homotypic_CGCGCTCGTGGCTAGC	10436	76	IGKV3-7		IGKJ2	TGTCAGCACAGTTGGGAGATTCCGTACACGTTC	CQHSWEIPYTF	3.05e-17	73.7	IGKJ2*01	IGKJ2*01	100.0	38	0	0	385	422	2	39	1.62e-16	71.3	GTACACGTTCGGAGGGGGGACCAAGCTGGAAATAAAAC	GTACACGTTCGGAGGGGGGACCAAGCTGGAAATAAAAC																			GAAATTGTAATGACACAGTCTCCACCCACCCTGTCTTTGTCTCCAGGGGAAAGAGTCACCCTCTCCTGCAGGGCCAGTCAGAGTGTTAGC...............AGCAGCTACTTATCCTGGTACCAGCAGAAACCTGGGCAGGCTCCCAGGCTCCTCATCTATGGTGCA.....................TCCACCAGGGCCACTGGCATCCCA...GCCAGGTTCAGTGGCAGTGGG......TCTGGGACAGACTTCACTCTCACCATCAGCAGCCTGCAGCCTGAAGATTTTGCAGTTTATTACTGTCAGCAGGATTATAACTTACCGTACACTTTTGGCCAGGGGACCAAGCTGGAGATCAAAC
homotypic_CGGAATGAGCACCTAA_contig_2	TGGGGATCCTCTCTTCTAGCTCTCAGAGATGGAGACAGACACACTCCTGCCATGGGTGCTGCTGCTCTGGGTTCCAGGTTCCACTGGTGACATTGTGCTGACACAGTCTCCTGCTTCCTTAGCCGTATCTCTGGGGCAGAGGGCCTCCATCTCATGCAGGGCCAGCCAAAGTGTCAGTACATCTAGCTATAGTTATATGGACTGGTACCAACAGAAACCAGGACAGCCACCCAAACTCCTCATCAAGTATGCATCCAACCTAGAATCTGGGGTCCCTGCCAGGTTCAGTGGCAGTGGGTCTGGGACAGACTTCACCCTCAATATCCATCCTGTGGAGGAGGAGGATACTGCAACATATTACTGTCAGCACAGTTGGGAGATTCCGTACACGTTCGGAGGGGGGACCAAGCTGGAAATAAAACGGGCTGATGCTGCACCAACTGTATCCATCTTCCCACCATCCAGTGAGCAGTTAACATCTGGAGGTGCCTCAGTCGTGTGCTTC	F	T	IGKV3-7*02		IGKJ2*01	GACATTGTGCTGACACAGTCTCCTGCTTCCTTAGCCGTATCTCTGGGGCAGAGGGCCTCCATCTCATGCAGGGCCAGCCAAAGTGTCAGTACA......TCTAGCTATAGTTATATGGACTGGTACCAACAGAAACCAGGACAGCCACCCAAACTCCTCATCAAGTATGCA.....................TCCAACCTAGAATCTGGGGTCCCT...GCCAGGTTCAGTGGCAGTGGG......TCTGGGACAGACTTCACCCTCAATATCCATCCTGTGGAGGAGGAGGATACTGCAACATATTACTGTCAGCACAGTTGGGAGATTCCGTACACGTTCGGAGGGGGGACCAAGCTGGAAATAAAAC	GACATTGTGCTGACACAGTCTCCTGCTTCCTTAGCTGTATCTCTGGGGCAGAGGGCCACCATCTCATGCAGGGCCAGCCAAAGTGTCAGTACA......TCTAGCTATAGTTATATGCACTGGTACCAACAGAAACCAGGACAGCCACCCAAACTCCTCATCAAGTATGCA.....................TCCAACCTAGAATCTGGGGTCCCT...GCCAGGTTCAGTGGCAGTGGG......TCTGGGACAGACTTCACCCTCAACATCCATCCTGTGGAGGAGGAGGATACTGCAACATATTACTGTCAGCACAGTTGGGAGATTCCGTACACGTTCGGAGGGGGGACCAAGCTGGAAATAAAAC	TGTCAGCACAGTTGGGAGATTCCGTACACGTTC	CQHSWEIPYTF	88S35=1X21=1X53=1X121=1X62=		384S1N38=	F	T	IGK	IGKC	33	0		89	384	1	332					385	422	2	39	450.0	0.98649	1.91e-128				73.7	1.0	3.05e-17	GACATTGTGCTGACACAGTCTCCTGCTTCCTTAGCCGTATCTCTGGGGCAGAGGGCCTCCATCTCATGCAGGGCCAGC	ATGGACTGGTACCAACAGAAACCAGGACAGCCACCCAAACTCCTCATCAAG	AACCTAGAATCTGGGGTCCCT...GCCAGGTTCAGTGGCAGTGGG......TCTGGGACAGACTTCACCCTCAATATCCATCCTGTGGAGGAGGAGGATACTGCAACATATTACTGT	TTCGGAGGGGGGACCAAGCTGGAAATAAAAC	CAAAGTGTCAGTACA......TCTAGCTATAGTTAT	TATGCA.....................TCC	CAGCACAGTTGGGAGATTCCGTACACG	homotypic_CGGAATGAGCACCTAA	21483	54	IGKV3-7		IGKJ2	TGTCAGCACAGTTGGGAGATTCCGTACACGTTC	CQHSWEIPYTF	3.05e-17	73.7	IGKJ2*01	IGKJ2*01	100.0	38	0	0	385	422	2	39	1.62e-16	71.3	GTACACGTTCGGAGGGGGGACCAAGCTGGAAATAAAAC	GTACACGTTCGGAGGGGGGACCAAGCTGGAAATAAAAC																			GAAATTGTAATGACACAGTCTCCACCCACCCTGTCTTTGTCTCCAGGGGAAAGAGTCACCCTCTCCTGCAGGGCCAGTCAGAGTGTTAGC...............AGCAGCTACTTATCCTGGTACCAGCAGAAACCTGGGCAGGCTCCCAGGCTCCTCATCTATGGTGCA.....................TCCACCAGGGCCACTGGCATCCCA...GCCAGGTTCAGTGGCAGTGGG......TCTGGGACAGACTTCACTCTCACCATCAGCAGCCTGCAGCCTGAAGATTTTGCAGTTTATTACTGTCAGCAGGATTATAACTTACCGTACACTTTTGGCCAGGGGACCAAGCTGGAGATCAAAC
homotypic_CTAACATAGCCTTTAC_contig_1	AATGGGGATCCTCTCTTCTAGCTCTCAGAGATGGAGACAGACACACTCCTGCTATGGGTGCTGCTGCTCTGGGTTCCAGGTTCCACTGGTGACATTGTGCTGACACAGTCTCCTGCTTCCTTAGCTGTTTCTGTGGGGCAGAGGGCCACCATCTCATGCAGGGCCAGCCAAAGTGTCAGTTCATCTAGCTATAGTTATATGCACTGGTACCAACAGAAACCACGACAGCCACCCGAACTCCTCATCAAGTATGCATCCAGCCCAGAATCTGGGGTCCCTGCCAGGTTCAGTGGCAGTGGGTCTGGGACAGACTTCACCCTCAACATCCATCCTGTGGAGGAGGAGGATACTGCAACATATTACTGTCAGCACAGTTGGGAGATTCCGTACACGTTCGGAGGGGGGACCAAGCTGGAAATGAAACGGGCTGATGCTGCACCAACTGTATCCATCTTCCCACCATCCAGTGAGCAGTTAACATCTGGAGGTGCCTCAGTCGTGTGCTTC	F	T	IGKV3-7*02		IGKJ2*01	GACATTGTGCTGACACAGTCTCCTGCTTCCTTAGCTGTTTCTGTGGGGCAGAGGGCCACCATCTCATGCAGGGCCAGCCAAAGTGTCAGTTCA......TCTAGCTATAGTTATATGCACTGGTACCAACAGAAACCACGACAGCCACCCGAACTCCTCATCAAGTATGCA.....................TCCAGCCCAGAATCTGGGGTCCCT...GCCAGGTTCAGTGGCAGTGGG......TCTGGGACAGACTTCACCCTCAACATCCATCCTGTGGAGGAGGAGGATACTGCAACATATTACTGTCAGCACAGTTGGGAGATTCCGTACACGTTCGGAGGGGGGACCAAGCTGGAAATGAAAC	GACATTGTGCTGACACAGTCTCCTGCTTCCTTAGCTGTATCTCTGGGGCAGAGGGCCACCATCTCATGCAGGGCCAGCCAAAGTGTCAGTACA......TCTAGCTATAGTTATATGCACTGGTACCAACAGAAACCAGGACAGCCACCCAAACTCCTCATCAAGTATGCA.....................TCCAACCTAGAATCTGGGGTCCCT...GCCAGGTTCAGTGGCAGTGGG......TCTGGGACAGACTTCACCCTCAACATCCATCCTGTGGAGGAGGAGGATACTGCAACATATTACTGTCAGCACAGTTGGGAGATTCCGTACACGTTCGGAGGGGGGACCAAGCTGGAAATAAAAC	TGTCAGCACAGTTGGGAGATTCCGTACACGTTC	CQHSWEIPYTF	90S38=1X3=1X47=1X41=1X11=1X24=1X2=1X123=		386S1N33=1X4=	F	T	IGK	IGKC	33	0		91	386	1	332					387	424	2	39	441.0	0.97635	1.2500000000000002e-125				68.0	0.97368	1.67e-15	GACATTGTGCTGACACAGTCTCCTGCTTCCTTAGCTGTTTCTGTGGGGCAGAGGGCCACCATCTCATGCAGGGCCAGC	ATGCACTGGTACCAACAGAAACCACGACAGCCACCCGAACTCCTCATCAAG	AGCCCAGAATCTGGGGTCCCT...GCCAGGTTCAGTGGCAGTGGG......TCTGGGACAGACTTCACCCTCAACATCCATCCTGTGGAGGAGGAGGATACTGCAACATATTACTGT	TTCGGAGGGGGGACCAAGCTGGAAATGAAAC	CAAAGTGTCAGTTCA......TCTAGCTATAGTTAT	TATGCA.....................TCC	CAGCACAGTTGGGAGATTCCGTACACG	homotypic_CTAACATAGCCTTTAC	47955	197	IGKV3-7		IGKJ2	TGTCAGCACAGTTGGGAGATTCCGTACACGTTC	CQHSWEIPYTF	1.67e-15	68.0	IGKJ2*01	IGKJ2*01	97.368	38	1	0	387	424	2	39	7.57e-15	65.8	GTACACGTTCGGAGGGGGGACCAAGCTGGAAATGAAAC	GTACACGTTCGGAGGGGGGACCAAGCTGGAAATAAAAC																			GAAATTGTAATGACACAGTCTCCACCCACCCTGTCTTTGTCTCCAGGGGAAAGAGTCACCCTCTCCTGCAGGGCCAGTCAGAGTGTTAGC...............AGCAGCTACTTATCCTGGTACCAGCAGAAACCTGGGCAGGCTCCCAGGCTCCTCATCTATGGTGCA.....................TCCACCAGGGCCACTGGCATCCCA...GCCAGGTTCAGTGGCAGTGGG......TCTGGGACAGACTTCACTCTCACCATCAGCAGCCTGCAGCCTGAAGATTTTGCAGTTTATTACTGTCAGCAGGATTATAACTTACCGTACACTTTTGGCCAGGGGACCAAGCTGGAGATCAAAC
homotypic_CTCATTATCACTTACC_contig_2	AGTTTACTTAAATGGGGATCCTCTCTTCTAGCTCTCAGAGATGGAGACAGACACACTCCTGCTATGGGTGCTGCTGCTCTGGGTTCCAGGTTCCACTGGTGACATTGTGCTGACACAGTCTCCTGCTTCCTTAGCTGTATCTCTGGGGCAGAGGGCCACCATCTCATGCAGGGCCAGCCAAAGTGTCAGTACATCTAGCTATAGTTATCTGCACTGGTACCAACAGAAACCAGGACAGCCACCCAAACTCCTCATCAAGTATGCATCCAACCTGGAATCTGGGGTCCCTGCCAGGTTCAGTGGCAGTGGGTCTGGGACAGACTTCACCCTCAACATCCATCCTGTGGAGGAGGAGGATACTGCAACATATTACTGTCAGCACAGTTGGGAGATTCCGTGGACGTTCGGTGGAGGCACCAAGCTGGAAATCAAACGGGCTGATGCTGCACCAACTGTATCCATCTTCCCACCATCCAGTGAGCAGTTAACATCTGGAGGTGCCTCAGTCGTGTGCTTC	F	T	IGKV3-7*02		IGKJ1*01	GACATTGTGCTGACACAGTCTCCTGCTTCCTTAGCTGTATCTCTGGGGCAGAGGGCCACCATCTCATGCAGGGCCAGCCAAAGTGTCAGTACA......TCTAGCTATAGTTATCTGCACTGGTACCAACAGAAACCAGGACAGCCACCCAAACTCCTCATCAAGTATGCA.....................TCCAACCTGGAATCTGGGGTCCCT...GCCAGGTTCAGTGGCAGTGGG......TCTGGGACAGACTTCACCCTCAACATCCATCCTGTGGAGGAGGAGGATACTGCAACATATTACTGTCAGCACAGTTGGGAGATTCCGTGGACGTTCGGTGGAGGCACCAAGCTGGAAATCAAAC	GACATTGTGCTGACACAGTCTCCTGCTTCCTTAGCTGTATCTCTGGGGCAGAGGGCCACCATCTCATGCAGGGCCAGCCAAAGTGTCAGTACA......TCTAGCTATAGTTATATGCACTGGTACCAACAGAAACCAGGACAGCCACCCAAACTCCTCATCAAGTATGCA.....................TCCAACCTAGAATCTGGGGTCCCT...GCCAGGTTCAGTGGCAGTGGG......TCTGGGACAGACTTCACCCTCAACATCCATCCTGTGGAGGAGGAGGATACTGCAACATATTACTGTCAGCACAGTTGGGAGATTCCGTGGACGTTCGGTGGAGGCACCAAGCTGGAAATCAAAC	TGTCAGCACAGTTGGGAGATTCCGTGGACGTTC	CQHSWEIPWTF	100S108=1X64=1X122=		396S38=	F	T	IGK	IGKC	33	0		101	396	1	332					397	434	1	38	456.0	0.99324	2.61e-130				73.7	1.0	3.13e-17	GACATTGTGCTGACACAGTCTCCTGCTTCCTTAGCTGTATCTCTGGGGCAGAGGGCCACCATCTCATGCAGGGCCAGC	CTGCACTGGTACCAACAGAAACCAGGACAGCCACCCAAACTCCTCATCAAG	AACCTGGAATCTGGGGTCCCT...GCCAGGTTCAGTGGCAGTGGG......TCTGGGACAGACTTCACCCTCAACATCCATCCTGTGGAGGAGGAGGATACTGCAACATATTACTGT	TTCGGTGGAGGCACCAAGCTGGAAATCAAAC	CAAAGTGTCAGTACA......TCTAGCTATAGTTAT	TATGCA.....................TCC	CAGCACAGTTGGGAGATTCCGTGGACG	homotypic_CTCATTATCACTTACC	14973	26	IGKV3-7		IGKJ1	TGTCAGCACAGTTGGGAGATTCCGTGGACGTTC	CQHSWEIPWTF	3.13e-17	73.7	IGKJ1*01	IGKJ1*01	100.0	38	0	0	397	434	1	38	1.66e-16	71.3	GTGGACGTTCGGTGGAGGCACCAAGCTGGAAATCAAAC	GTGGACGTTCGGTGGAGGCACCAAGCTGGAAATCAAAC																			GAAATTGTAATGACACAGTCTCCACCCACCCTGTCTTTGTCTCCAGGGGAAAGAGTCACCCTCTCCTGCAGGGCCAGTCAGAGTGTTAGC...............AGCAGCTACTTATCCTGGTACCAGCAGAAACCTGGGCAGGCTCCCAGGCTCCTCATCTATGGTGCA.....................TCCACCAGGGCCACTGGCATCCCA...GCCAGGTTCAGTGGCAGTGGG......TCTGGGACAGACTTCACTCTCACCATCAGCAGCCTGCAGCCTGAAGATTTTGCAGTTTATTACTGTCAGCAGGATTATAACTTACCGTGGACGTTCGGCCAAGGGACCAAGGTGGAAATCAAAC
homotypic_CTCTGAAAGAAACGGT_contig_1	TGGGGATCCTCTCTTCTAGCTCTCAGAGATGGAGACAGACACACTCCTGCTATGGGTGCTGCTGCTCTGGGTTCCAGGTTCCACTGGTGACATTGTGCTGACACAGTCTCCTGCTTCCTTAGCTGTATCTCTGGGGCAGAGGGCCACCATCTCATGCAGGGCCAGCCAAAGTGTCAGTACGTCTAGCTATAGTTATATACACTGGTACCAACAGAAACCAGGACAGCCACCCAAACTCCTCATTAAGTATGCATCCAACCCAGAATCTGGGGTCCCTGCCAGGTTCAGTGGCAGTGGGTCTGGGACAGACTTCACCCTCAACATCCATCCTGTGGAGGAGGATGATACTGCAACATATTACTGTCAGCACAGTTGGGAGATTCCGTACACGTTCGGAGGGGGGACCAAGCTGGAAATAAAACGGGCTGATGCTGCACCAACTGTATCCATCTTCCCACCATCCAGTGAGCAGTTAACATCTGGAGGTGCCTCAGTCGTGTGCTTC	F	T	IGKV3-7*02		IGKJ2*01	GACATTGTGCTGACACAGTCTCCTGCTTCCTTAGCTGTATCTCTGGGGCAGAGGGCCACCATCTCATGCAGGGCCAGCCAAAGTGTCAGTACG......TCTAGCTATAGTTATATACACTGGTACCAACAGAAACCAGGACAGCCACCCAAACTCCTCATTAAGTATGCA.....................TCCAACCCAGAATCTGGGGTCCCT...GCCAGGTTCAGTGGCAGTGGG......TCTGGGACAGACTTCACCCTCAACATCCATCCTGTGGAGGAGGATGATACTGCAACATATTACTGTCAGCACAGTTGGGAGATTCCGTACACGTTCGGAGGGGGGACCAAGCTGGAAATAAAAC	GACATTGTGCTGACACAGTCTCCTGCTTCCTTAGCTGTATCTCTGGGGCAGAGGGCCACCATCTCATGCAGGGCCAGCCAAAGTGTCAGTACA......TCTAGCTATAGTTATATGCACTGGTACCAACAGAAACCAGGACAGCCACCCAAACTCCTCATCAAGTATGCA.....................TCCAACCTAGAATCTGGGGTCCCT...GCCAGGTTCAGTGGCAGTGGG......TCTGGGACAGACTTCACCCTCAACATCCATCCTGTGGAGGAGGAGGATACTGCAACATATTACTGTCAGCACAGTTGGGAGATTCCGTACACGTTCGGAGGGGGGACCAAGCTGGAAATAAAAC	TGTCAGCACAGTTGGGAGATTCCGTACACGTTC	CQHSWEIPYTF	88S92=1X17=1X44=1X16=1X81=1X41=		384S1N38=	F	T	IGK	IGKC	33	0		89	384	1	332					385	422	2	39	447.0	0.98311	1.66e-127				73.7	1.0	3.05e-17	GACATTGTGCTGACACAGTCTCCTGCTTCCTTAGCTGTATCTCTGGGGCAGAGGGCCACCATCTCATGCAGGGCCAGC	ATACACTGGTACCAACAGAAACCAGGACAGCCACCCAAACTCCTCATTAAG	AACCCAGAATCTGGGGTCCCT...GCCAGGTTCAGTGGCAGTGGG......TCTGGGACAGACTTCACCCTCAACATCCATCCTGTGGAGGAGGATGATACTGCAACATATTACTGT	TTCGGAGGGGGGACCAAGCTGGAAATAAAAC	CAAAGTGTCAGTACG......TCTAGCTATAGTTAT	TATGCA.....................TCC	CAGCACAGTTGGGAGATTCCGTACACG	homotypic_CTCTGAAAGAAACGGT	463	3	IGKV3-7		IGKJ2	TGTCAGCACAGTTGGGAGATTCCGTACACGTTC	CQHSWEIPYTF	3.05e-17	73.7	IGKJ2*01	IGKJ2*01	100.0	38	0	0	385	422	2	39	1.62e-16	71.3	GTACACGTTCGGAGGGGGGACCAAGCTGGAAATAAAAC	GTACACGTTCGGAGGGGGGACCAAGCTGGAAATAAAAC																			GAAATTGTAATGACACAGTCTCCACCCACCCTGTCTTTGTCTCCAGGGGAAAGAGTCACCCTCTCCTGCAGGGCCAGTCAGAGTGTTAGC...............AGCAGCTACTTATCCTGGTACCAGCAGAAACCTGGGCAGGCTCCCAGGCTCCTCATCTATGGTGCA.....................TCCACCAGGGCCACTGGCATCCCA...GCCAGGTTCAGTGGCAGTGGG......TCTGGGACAGACTTCACTCTCACCATCAGCAGCCTGCAGCCTGAAGATTTTGCAGTTTATTACTGTCAGCAGGATTATAACTTACCGTACACTTTTGGCCAGGGGACCAAGCTGGAGATCAAAC
homotypic_CTGGCATAGCTGTATG_contig_1	TGGGGATCCTCTCTTCTAGCTCTCAGAGATGGAGACAGACACACTCCTGCTATGGGTGCTGCTGCTCTGGGTTCCAGGTTCCACTGGTGACATTGTGCTGACACAGTCTCCTGCTTCCTTAGCTGTATCTCTGGGGCAGAGGGCCACCATCTCATGCAGGGCCAGCCAAAGTGTCAGTACATCTAGCTATAGTTATATGCACTGGTACCAACAGAAACCAGGACAGCCACCCAAACTCCTCATCAAGTATGCATCCAACCTAGAATCTGGGGTCCCTGCCAGGTTCAGTGGCAGTGGGTCTGGGACAGACTTCACCCTCAACATCCATCCTGTGGAGGAGGAGGATACTGCAACATATTACTGTCAGCACAGTTGGGAGATTCCGTGGACGTTCGGTGGAGGCACCAAGCTGGAAATCAAACGGGCTGATGCTGCACCAACTGTATCCATCTTCCCACCATCCAGTGAGCAGTTAACATCTGGAGGTGCCTCAGTCGTGTGCTTC	F	T	IGKV3-7*02		IGKJ1*01	GACATTGTGCTGACACAGTCTCCTGCTTCCTTAGCTGTATCTCTGGGGCAGAGGGCCACCATCTCATGCAGGGCCAGCCAAAGTGTCAGTACA......TCTAGCTATAGTTATATGCACTGGTACCAACAGAAACCAGGACAGCCACCCAAACTCCTCATCAAGTATGCA.....................TCCAACCTAGAATCTGGGGTCCCT...GCCAGGTTCAGTGGCAGTGGG......TCTGGGACAGACTTCACCCTCAACATCCATCCTGTGGAGGAGGAGGATACTGCAACATATTACTGTCAGCACAGTTGGGAGATTCCGTGGACGTTCGGTGGAGGCACCAAGCTGGAAATCAAAC	GACATTGTGCTGACACAGTCTCCTGCTTCCTTAGCTGTATCTCTGGGGCAGAGGGCCACCATCTCATGCAGGGCCAGCCAAAGTGTCAGTACA......TCTAGCTATAGTTATATGCACTGGTACCAACAGAAACCAGGACAGCCACCCAAACTCCTCATCAAGTATGCA.....................TCCAACCTAGAATCTGGGGTCCCT...GCCAGGTTCAGTGGCAGTGGG......TCTGGGACAGACTTCACCCTCAACATCCATCCTGTGGAGGAGGAGGATACTGCAACATATTACTGTCAGCACAGTTGGGAGATTCCGTGGACGTTCGGTGGAGGCACCAAGCTGGAAATCAAAC	TGTCAGCACAGTTGGGAGATTCCGTGGACGTTC	CQHSWEIPWTF	88S296=		384S38=	F	T	IGK	IGKC	33	0		89	384	1	332					385	422	1	38	463.0	1.0	3.38e-132				73.7	1.0	3.05e-17	GACATTGTGCTGACACAGTCTCCTGCTTCCTTAGCTGTATCTCTGGGGCAGAGGGCCACCATCTCATGCAGGGCCAGC	ATGCACTGGTACCAACAGAAACCAGGACAGCCACCCAAACTCCTCATCAAG	AACCTAGAATCTGGGGTCCCT...GCCAGGTTCAGTGGCAGTGGG......TCTGGGACAGACTTCACCCTCAACATCCATCCTGTGGAGGAGGAGGATACTGCAACATATTACTGT	TTCGGTGGAGGCACCAAGCTGGAAATCAAAC	CAAAGTGTCAGTACA......TCTAGCTATAGTTAT	TATGCA.....................TCC	CAGCACAGTTGGGAGATTCCGTGGACG	homotypic_CTGGCATAGCTGTATG	29488	56	IGKV3-7		IGKJ1	TGTCAGCACAGTTGGGAGATTCCGTGGACGTTC	CQHSWEIPWTF	3.05e-17	73.7	IGKJ1*01	IGKJ1*01	100.0	38	0	0	385	422	1	38	1.62e-16	71.3	GTGGACGTTCGGTGGAGGCACCAAGCTGGAAATCAAAC	GTGGACGTTCGGTGGAGGCACCAAGCTGGAAATCAAAC																			GAAATTGTAATGACACAGTCTCCACCCACCCTGTCTTTGTCTCCAGGGGAAAGAGTCACCCTCTCCTGCAGGGCCAGTCAGAGTGTTAGC...............AGCAGCTACTTATCCTGGTACCAGCAGAAACCTGGGCAGGCTCCCAGGCTCCTCATCTATGGTGCA.....................TCCACCAGGGCCACTGGCATCCCA...GCCAGGTTCAGTGGCAGTGGG......TCTGGGACAGACTTCACTCTCACCATCAGCAGCCTGCAGCCTGAAGATTTTGCAGTTTATTACTGTCAGCAGGATTATAACTTACCGTGGACGTTCGGCCAAGGGACCAAGGTGGAAATCAAAC
homotypic_CTTCTAGGTCTCTAGC_contig_1	GGGGGAAGCATCCTCTCTTCTAGCTCTCAGAGATGGAGACAGACACACTCCTGCTATGGGTGCTGCTGCTCTGGGTTCCAGGTTCCACTGGTGACATTGTGCTGACACAGTCTCCTGCTTCCTTAGCTGTATCTCTGGGGCAGAGGGCCACCATCTCATGCAGGGCCAGCCAAAGTGTCAGTACATCTAGTTATAGTTATATACACTGGTACCAACAGAAACCAGGACAGCCACCCAAACTCCTCATTAAGTATGCATCCAACCCAGAATCTGGGGTCCCTGCCAGGTTCAGTGGCAGTGGGTCTGGGACAGACTTCACCCTCAACATCCATCCTGTGGAGGAGGAGGATACTGCAACATATTACTGTCAGCACAGTTGGGAGATTCCGTACACGTTCGGAGGGGGGACCAAGCTGGAAATAAAACGGGCTGATGCTGCACCAACTGTATCCATCTTCCCACCATCCAGTGAGCAGTTAACATCTGGAGGTGCCTCAGTCGTGTGCTTC	F	T	IGKV3-7*02		IGKJ2*01	GACATTGTGCTGACACAGTCTCCTGCTTCCTTAGCTGTATCTCTGGGGCAGAGGGCCACCATCTCATGCAGGGCCAGCCAAAGTGTCAGTACA......TCTAGTTATAGTTATATACACTGGTACCAACAGAAACCAGGACAGCCACCCAAACTCCTCATTAAGTATGCA.....................TCCAACCCAGAATCTGGGGTCCCT...GCCAGGTTCAGTGGCAGTGGG......TCTGGGACAGACTTCACCCTCAACATCCATCCTGTGGAGGAGGAGGATACTGCAACATATTACTGTCAGCACAGTTGGGAGATTCCGTACACGTTCGGAGGGGGGACCAAGCTGGAAATAAAAC	GACATTGTGCTGACACAGTCTCCTGCTTCCTTAGCTGTATCTCTGGGGCAGAGGGCCACCATCTCATGCAGGGCCAGCCAAAGTGTCAGTACA......TCTAGCTATAGTTATATGCACTGGTACCAACAGAAACCAGGACAGCCACCCAAACTCCTCATCAAGTATGCA.....................TCCAACCTAGAATCTGGGGTCCCT...GCCAGGTTCAGTGGCAGTGGG......TCTGGGACAGACTTCACCCTCAACATCCATCCTGTGGAGGAGGAGGATACTGCAACATATTACTGTCAGCACAGTTGGGAGATTCCGTACACGTTCGGAGGGGGGACCAAGCTGGAAATAAAAC	TGTCAGCACAGTTGGGAGATTCCGTACACGTTC	CQHSWEIPYTF	92S98=1X11=1X44=1X16=1X123=		388S1N38=	F	T	IGK	IGKC	33	0		93	388	1	332					389	426	2	39	450.0	0.98649	1.93e-128				73.7	1.0	3.08e-17	GACATTGTGCTGACACAGTCTCCTGCTTCCTTAGCTGTATCTCTGGGGCAGAGGGCCACCATCTCATGCAGGGCCAGC	ATACACTGGTACCAACAGAAACCAGGACAGCCACCCAAACTCCTCATTAAG	AACCCAGAATCTGGGGTCCCT...GCCAGGTTCAGTGGCAGTGGG......TCTGGGACAGACTTCACCCTCAACATCCATCCTGTGGAGGAGGAGGATACTGCAACATATTACTGT	TTCGGAGGGGGGACCAAGCTGGAAATAAAAC	CAAAGTGTCAGTACA......TCTAGTTATAGTTAT	TATGCA.....................TCC	CAGCACAGTTGGGAGATTCCGTACACG	homotypic_CTTCTAGGTCTCTAGC	10202	22	IGKV3-7		IGKJ2	TGTCAGCACAGTTGGGAGATTCCGTACACGTTC	CQHSWEIPYTF	3.08e-17	73.7	IGKJ2*01	IGKJ2*01	100.0	38	0	0	389	426	2	39	1.63e-16	71.3	GTACACGTTCGGAGGGGGGACCAAGCTGGAAATAAAAC	GTACACGTTCGGAGGGGGGACCAAGCTGGAAATAAAAC																			GAAATTGTAATGACACAGTCTCCACCCACCCTGTCTTTGTCTCCAGGGGAAAGAGTCACCCTCTCCTGCAGGGCCAGTCAGAGTGTTAGC...............AGCAGCTACTTATCCTGGTACCAGCAGAAACCTGGGCAGGCTCCCAGGCTCCTCATCTATGGTGCA.....................TCCACCAGGGCCACTGGCATCCCA...GCCAGGTTCAGTGGCAGTGGG......TCTGGGACAGACTTCACTCTCACCATCAGCAGCCTGCAGCCTGAAGATTTTGCAGTTTATTACTGTCAGCAGGATTATAACTTACCGTACACTTTTGGCCAGGGGACCAAGCTGGAGATCAAAC
homotypic_GCTGGAAAGGTAGAGT_contig_1	TGGGGAGCATCCTCTCTTCTAGCTCTCAGAGATGGAGACAGACACACTCCTGCTATGGGTGCTGCTGCTCTGGGTTCCAGGTTCCACTGGTGACATTGTGCTGACACAGTCTCCTGCTTCCTTAGCTGTATCTCTGGGACAGAGGGCCACCATCTCATGCAGGGCCAGCCAAAGTGTCAGTACATCTAGCTATAGTTATATACACTGGTACCAACAGAAACCAGGACAGCCACCCAAACTCCTCATTAAGTATGCATCCAACCCAGAATCTGGGGTCCCTGCCAGGTTCAGTGGCAGTGGGTCTGGGACAGACTTCACCCTCAACATCCATCCTGTGGAGGAGGAGGATACTGCAACATATTACTGTCAGCACAGTTGGGAGATTCCGTACACGTTCGGAGGGGGGACCAAGCTGGAAATAAAACGGGCTGATGCTGCACCAACTGTATCCATCTTCCCACCATCCAGTGAGCAGTTAACATCTGGAGGTGCCTCAGTCGTGTGCTTC	F	T	IGKV3-7*02		IGKJ2*01	GACATTGTGCTGACACAGTCTCCTGCTTCCTTAGCTGTATCTCTGGGACAGAGGGCCACCATCTCATGCAGGGCCAGCCAAAGTGTCAGTACA......TCTAGCTATAGTTATATACACTGGTACCAACAGAAACCAGGACAGCCACCCAAACTCCTCATTAAGTATGCA.....................TCCAACCCAGAATCTGGGGTCCCT...GCCAGGTTCAGTGGCAGTGGG......TCTGGGACAGACTTCACCCTCAACATCCATCCTGTGGAGGAGGAGGATACTGCAACATATTACTGTCAGCACAGTTGGGAGATTCCGTACACGTTCGGAGGGGGGACCAAGCTGGAAATAAAAC	GACATTGTGCTGACACAGTCTCCTGCTTCCTTAGCTGTATCTCTGGGGCAGAGGGCCACCATCTCATGCAGGGCCAGCCAAAGTGTCAGTACA......TCTAGCTATAGTTATATGCACTGGTACCAACAGAAACCAGGACAGCCACCCAAACTCCTCATCAAGTATGCA.....................TCCAACCTAGAATCTGGGGTCCCT...GCCAGGTTCAGTGGCAGTGGG......TCTGGGACAGACTTCACCCTCAACATCCATCCTGTGGAGGAGGAGGATACTGCAACATATTACTGTCAGCACAGTTGGGAGATTCCGTACACGTTCGGAGGGGGGACCAAGCTGGAAATAAAAC	TGTCAGCACAGTTGGGAGATTCCGTACACGTTC	CQHSWEIPYTF	91S47=1X62=1X44=1X16=1X123=		387S1N38=	F	T	IGK	IGKC	33	0		92	387	1	332					388	425	2	39	450.0	0.98649	1.92e-128				73.7	1.0	3.07e-17	GACATTGTGCTGACACAGTCTCCTGCTTCCTTAGCTGTATCTCTGGGACAGAGGGCCACCATCTCATGCAGGGCCAGC	ATACACTGGTACCAACAGAAACCAGGACAGCCACCCAAACTCCTCATTAAG	AACCCAGAATCTGGGGTCCCT...GCCAGGTTCAGTGGCAGTGGG......TCTGGGACAGACTTCACCCTCAACATCCATCCTGTGGAGGAGGAGGATACTGCAACATATTACTGT	TTCGGAGGGGGGACCAAGCTGGAAATAAAAC	CAAAGTGTCAGTACA......TCTAGCTATAGTTAT	TATGCA.....................TCC	CAGCACAGTTGGGAGATTCCGTACACG	homotypic_GCTGGAAAGGTAGAGT	20805	44	IGKV3-7		IGKJ2	TGTCAGCACAGTTGGGAGATTCCGTACACGTTC	CQHSWEIPYTF	3.07e-17	73.7	IGKJ2*01	IGKJ2*01	100.0	38	0	0	388	425	2	39	1.63e-16	71.3	GTACACGTTCGGAGGGGGGACCAAGCTGGAAATAAAAC	GTACACGTTCGGAGGGGGGACCAAGCTGGAAATAAAAC																			GAAATTGTAATGACACAGTCTCCACCCACCCTGTCTTTGTCTCCAGGGGAAAGAGTCACCCTCTCCTGCAGGGCCAGTCAGAGTGTTAGC...............AGCAGCTACTTATCCTGGTACCAGCAGAAACCTGGGCAGGCTCCCAGGCTCCTCATCTATGGTGCA.....................TCCACCAGGGCCACTGGCATCCCA...GCCAGGTTCAGTGGCAGTGGG......TCTGGGACAGACTTCACTCTCACCATCAGCAGCCTGCAGCCTGAAGATTTTGCAGTTTATTACTGTCAGCAGGATTATAACTTACCGTACACTTTTGGCCAGGGGACCAAGCTGGAGATCAAAC
homotypic_GCTTCAAAGGGACGGT_contig_1	GGGGAAGCATCCTCTCTTCTAGCTCTCAGAGATGGAGACAGACACACTCCTGCTATGGGTGCTGCTGCTCTGGGTTCCAGGTTCCACTGGTGACATTGTGCTGACACAGTCTCCTGCTTCCTTAGCTGTATCTCTGGGGCAGAGGGCCACCATCTCATGCACGGCCAGCCAAAGTGTCAGTACATCTAGTTATAGTTATATAAACTGGTTCCAACAGAAACCAGGACAGCCACCCAAACTCCTCATCAAGTATGCATCCAACCTAGAATCTGGGGTCCCTGCCAGGTTCAGTGGCAGTGGGTCTGGGACAGACTTCACCCTCAACATCCATCCTGTGGAGGAGGAGGATACTGCAACATATTACTGTCAGCACAGTTGGGAGATTCCGTACACGTTCGGAGGGGGGACCAAGCTGGAAATAAAACGGGCTGATGCTGCACCAACTGTATCCATCTTCCCACCATCCAGTGAGCAGTTAACATCTGGAGGTGCCTCAGTCGTGTGCTTC	F	T	IGKV3-7*02		IGKJ2*01	GACATTGTGCTGACACAGTCTCCTGCTTCCTTAGCTGTATCTCTGGGGCAGAGGGCCACCATCTCATGCACGGCCAGCCAAAGTGTCAGTACA......TCTAGTTATAGTTATATAAACTGGTTCCAACAGAAACCAGGACAGCCACCCAAACTCCTCATCAAGTATGCA.....................TCCAACCTAGAATCTGGGGTCCCT...GCCAGGTTCAGTGGCAGTGGG......TCTGGGACAGACTTCACCCTCAACATCCATCCTGTGGAGGAGGAGGATACTGCAACATATTACTGTCAGCACAGTTGGGAGATTCCGTACACGTTCGGAGGGGGGACCAAGCTGGAAATAAAAC	GACATTGTGCTGACACAGTCTCCTGCTTCCTTAGCTGTATCTCTGGGGCAGAGGGCCACCATCTCATGCAGGGCCAGCCAAAGTGTCAGTACA......TCTAGCTATAGTTATATGCACTGGTACCAACAGAAACCAGGACAGCCACCCAAACTCCTCATCAAGTATGCA.....................TCCAACCTAGAATCTGGGGTCCCT...GCCAGGTTCAGTGGCAGTGGG......TCTGGGACAGACTTCACCCTCAACATCCATCCTGTGGAGGAGGAGGATACTGCAACATATTACTGTCAGCACAGTTGGGAGATTCCGTACACGTTCGGAGGGGGGACCAAGCTGGAAATAAAAC	TGTCAGCACAGTTGGGAGATTCCGTACACGTTC	CQHSWEIPYTF	91S70=1X27=1X11=2X6=1X177=		387S1N38=	F	T	IGK	IGKC	33	0		92	387	1	332					388	425	2	39	447.0	0.98311	1.67e-127				73.7	1.0	3.07e-17	GACATTGTGCTGACACAGTCTCCTGCTTCCTTAGCTGTATCTCTGGGGCAGAGGGCCACCATCTCATGCACGGCCAGC	ATAAACTGGTTCCAACAGAAACCAGGACAGCCACCCAAACTCCTCATCAAG	AACCTAGAATCTGGGGTCCCT...GCCAGGTTCAGTGGCAGTGGG......TCTGGGACAGACTTCACCCTCAACATCCATCCTGTGGAGGAGGAGGATACTGCAACATATTACTGT	TTCGGAGGGGGGACCAAGCTGGAAATAAAAC	CAAAGTGTCAGTACA......TCTAGTTATAGTTAT	TATGCA.....................TCC	CAGCACAGTTGGGAGATTCCGTACACG	homotypic_GCTTCAAAGGGACGGT	2169	3	IGKV3-7		IGKJ2	TGTCAGCACAGTTGGGAGATTCCGTACACGTTC	CQHSWEIPYTF	3.07e-17	73.7	IGKJ2*01	IGKJ2*01	100.0	38	0	0	388	425	2	39	1.63e-16	71.3	GTACACGTTCGGAGGGGGGACCAAGCTGGAAATAAAAC	GTACACGTTCGGAGGGGGGACCAAGCTGGAAATAAAAC																			GAAATTGTAATGACACAGTCTCCACCCACCCTGTCTTTGTCTCCAGGGGAAAGAGTCACCCTCTCCTGCAGGGCCAGTCAGAGTGTTAGC...............AGCAGCTACTTATCCTGGTACCAGCAGAAACCTGGGCAGGCTCCCAGGCTCCTCATCTATGGTGCA.....................TCCACCAGGGCCACTGGCATCCCA...GCCAGGTTCAGTGGCAGTGGG......TCTGGGACAGACTTCACTCTCACCATCAGCAGCCTGCAGCCTGAAGATTTTGCAGTTTATTACTGTCAGCAGGATTATAACTTACCGTACACTTTTGGCCAGGGGACCAAGCTGGAGATCAAAC
homotypic_GGAAATCAGAAGGTTA_contig_1	TGGGGATCCTCTCTTCTAGCTCTCAGAGATGGAGACAGACACACTCCTGCTATGGGTGCTGCTGCTCTGGGTTCCAGGTTCCACTGGTGACATTGTGCTGACACAGTCTCCTGCTTCCTTAGCTGTGTCTCTGGGGCAGAGGGCCACCATCTCATGCAGGGCCAGCCAAAGTGTCACTACATCTAGCTATAGTTATATGCACTGGTACCAACAGAAACCAGGACAGCCACCCAAACTCCTCATCAAGTTTGCATCCAACCTAGATTCTGGGGTCCCTGCCAGGTTCAGTGGCAGTGGGTCTGGGACAGACTTCACCCTCAACATCCATCCTGTGGAGGAGGAGGATACTGCAACATATTACTGTCAGCACAGTTGGGAGATTCCGTACACGTTCGGAGGGGGGACCAAGCTGGAAATAAAACGGGCTGATGCTGCACCAACTGTATCCATCTTCCCACCATCCAGTGAGCAGTTAACATCTGGAGGTGCCTCAGTCGTGTGCTTC	F	T	IGKV3-7*02		IGKJ2*01	GACATTGTGCTGACACAGTCTCCTGCTTCCTTAGCTGTGTCTCTGGGGCAGAGGGCCACCATCTCATGCAGGGCCAGCCAAAGTGTCACTACA......TCTAGCTATAGTTATATGCACTGGTACCAACAGAAACCAGGACAGCCACCCAAACTCCTCATCAAGTTTGCA.....................TCCAACCTAGATTCTGGGGTCCCT...GCCAGGTTCAGTGGCAGTGGG......TCTGGGACAGACTTCACCCTCAACATCCATCCTGTGGAGGAGGAGGATACTGCAACATATTACTGTCAGCACAGTTGGGAGATTCCGTACACGTTCGGAGGGGGGACCAAGCTGGAAATAAAAC	GACATTGTGCTGACACAGTCTCCTGCTTCCTTAGCTGTATCTCTGGGGCAGAGGGCCACCATCTCATGCAGGGCCAGCCAAAGTGTCAGTACA......TCTAGCTATAGTTATATGCACTGGTACCAACAGAAACCAGGACAGCCACCCAAACTCCTCATCAAGTATGCA.....................TCCAACCTAGAATCTGGGGTCCCT...GCCAGGTTCAGTGGCAGTGGG......TCTGGGACAGACTTCACCCTCAACATCCATCCTGTGGAGGAGGAGGATACTGCAACATATTACTGTCAGCACAGTTGGGAGATTCCGTACACGTTCGGAGGGGGGACCAAGCTGGAAATAAAAC	TGTCAGCACAGTTGGGAGATTCCGTACACGTTC	CQHSWEIPYTF	88S38=1X49=1X71=1X15=1X119=		384S1N38=	F	T	IGK	IGKC	33	0		89	384	1	332					385	422	2	39	450.0	0.98649	1.91e-128				73.7	1.0	3.05e-17	GACATTGTGCTGACACAGTCTCCTGCTTCCTTAGCTGTGTCTCTGGGGCAGAGGGCCACCATCTCATGCAGGGCCAGC	ATGCACTGGTACCAACAGAAACCAGGACAGCCACCCAAACTCCTCATCAAG	AACCTAGATTCTGGGGTCCCT...GCCAGGTTCAGTGGCAGTGGG......TCTGGGACAGACTTCACCCTCAACATCCATCCTGTGGAGGAGGAGGATACTGCAACATATTACTGT	TTCGGAGGGGGGACCAAGCTGGAAATAAAAC	CAAAGTGTCACTACA......TCTAGCTATAGTTAT	TTTGCA.....................TCC	CAGCACAGTTGGGAGATTCCGTACACG	homotypic_GGAAATCAGAAGGTTA	38086	78	IGKV3-7		IGKJ2	TGTCAGCACAGTTGGGAGATTCCGTACACGTTC	CQHSWEIPYTF	3.05e-17	73.7	IGKJ2*01	IGKJ2*01	100.0	38	0	0	385	422	2	39	1.62e-16	71.3	GTACACGTTCGGAGGGGGGACCAAGCTGGAAATAAAAC	GTACACGTTCGGAGGGGGGACCAAGCTGGAAATAAAAC																			GAAATTGTAATGACACAGTCTCCACCCACCCTGTCTTTGTCTCCAGGGGAAAGAGTCACCCTCTCCTGCAGGGCCAGTCAGAGTGTTAGC...............AGCAGCTACTTATCCTGGTACCAGCAGAAACCTGGGCAGGCTCCCAGGCTCCTCATCTATGGTGCA.....................TCCACCAGGGCCACTGGCATCCCA...GCCAGGTTCAGTGGCAGTGGG......TCTGGGACAGACTTCACTCTCACCATCAGCAGCCTGCAGCCTGAAGATTTTGCAGTTTATTACTGTCAGCAGGATTATAACTTACCGTACACTTTTGGCCAGGGGACCAAGCTGGAGATCAAAC
homotypic_GGATAAGGTGCCCCTA_contig_1	GGGGATCCTCTCTTCTAGCTCTCAGAGATGGAGACAGACACACTCCTGCTATGGGTGCTGCTGCTCTGGGTTCCAGGTTCCACTGGTGACATTGTGCTGACACAGTCTCCTGCTTCCTTAGCTGTATCTCTGGGGCAGAGGGCCACCATCTCATGCAGGGCCAGCCAAAGTGTCAGTACATCTAGCTATAGTTATATGCACTGGTACCAACAGAAACCAGGACAGCCACCCAAACTCCTCATCAAGTATGCATCCAACCTAGATTTTGGGGTCCCTGCCAGGTTCAGTGGCAGTGGGTCTGGGACAGACTTCACCCTCACCATCCATCCTGTGGAGGAGGAGGATACTGCAACATTTTACTGTCAGCACAGTTGGGAGATTCCTCCGACGTTCGGTGGAGGCACCAAGCTGGAAATCAAACGGGCTGATGCTGCACCAACTGTATCCATCTTCCCACCATCCAGTGAGCAGTTAACATCTGGAGGTGCCTCAGTCGTGTGCTTC	F	T	IGKV3-7*02		IGKJ1*01	GACATTGTGCTGACACAGTCTCCTGCTTCCTTAGCTGTATCTCTGGGGCAGAGGGCCACCATCTCATGCAGGGCCAGCCAAAGTGTCAGTACA......TCTAGCTATAGTTATATGCACTGGTACCAACAGAAACCAGGACAGCCACCCAAACTCCTCATCAAGTATGCA.....................TCCAACCTAGATTTTGGGGTCCCT...GCCAGGTTCAGTGGCAGTGGG......TCTGGGACAGACTTCACCCTCACCATCCATCCTGTGGAGGAGGAGGATACTGCAACATTTTACTGTCAGCACAGTTGGGAGATTCCTCCGACGTTCGGTGGAGGCACCAAGCTGGAAATCAAAC	GACATTGTGCTGACACAGTCTCCTGCTTCCTTAGCTGTATCTCTGGGGCAGAGGGCCACCATCTCATGCAGGGCCAGCCAAAGTGTCAGTACA......TCTAGCTATAGTTATATGCACTGGTACCAACAGAAACCAGGACAGCCACCCAAACTCCTCATCAAGTATGCA.....................TCCAACCTAGAATCTGGGGTCCCT...GCCAGGTTCAGTGGCAGTGGG......TCTGGGACAGACTTCACCCTCAACATCCATCCTGTGGAGGAGGAGGATACTGCAACATATTACTGTCAGCACAGTTGGGAGATTCCTCCGACGTTCGGTGGAGGCACCAAGCTGGAAATCAAAC	TGTCAGCACAGTTGGGAGATTCCTCCGACGTTC	CQHSWEIPPTF	87S176=1X1=1X53=1X35=1X30=		386S3N35=	F	T	IGK	IGKC	33	0		88	386	1	335					387	421	4	38	455.0	0.98662	7.48e-130				68.0	1.0	1.66e-15	GACATTGTGCTGACACAGTCTCCTGCTTCCTTAGCTGTATCTCTGGGGCAGAGGGCCACCATCTCATGCAGGGCCAGC	ATGCACTGGTACCAACAGAAACCAGGACAGCCACCCAAACTCCTCATCAAG	AACCTAGATTTTGGGGTCCCT...GCCAGGTTCAGTGGCAGTGGG......TCTGGGACAGACTTCACCCTCACCATCCATCCTGTGGAGGAGGAGGATACTGCAACATTTTACTGT	TTCGGTGGAGGCACCAAGCTGGAAATCAAAC	CAAAGTGTCAGTACA......TCTAGCTATAGTTAT	TATGCA.....................TCC	CAGCACAGTTGGGAGATTCCTCCGACG	homotypic_GGATAAGGTGCCCCTA	4156	9	IGKV3-7		IGKJ1	TGTCAGCACAGTTGGGAGATTCCTCCGACGTTC	CQHSWEIPPTF	1.66e-15	68.0	IGKJ1*01	IGKJ1*02	100.0	35	0	0	385	419	1	35	7.53e-15	65.8	CCGACGTTCGGTGGAGGCACCAAGCTGGAAATCAA	CCGACGTTCGGTGGAGGCACCAAGCTGGAAATCAA																			GAAATTGTAATGACACAGTCTCCACCCACCCTGTCTTTGTCTCCAGGGGAAAGAGTCACCCTCTCCTGCAGGGCCAGTCAGAGTGTTAGC...............AGCAGCTACTTATCCTGGTACCAGCAGAAACCTGGGCAGGCTCCCAGGCTCCTCATCTATGGTGCA.....................TCCACCAGGGCCACTGGCATCCCA...GCCAGGTTCAGTGGCAGTGGG......TCTGGGACAGACTTCACTCTCACCATCAGCAGCCTGCAGCCTGAAGATTTTGCAGTTTATTACTGTCAGCAGGATTATAACTTACCTCCGACGTTCGGCCAAGGGACCAAGGTGGAAATCAAAC
homotypic_GGGTTCCCACATAATT_contig_3	TGGGGATCCTCTCTTCTAGCTCTCAGAGATGGAGACAGACACACTCCTGCTATGGGTGCTGCTGCTCTGGGTTCCAGGTTCCACTGGTGACATTGTGTTGACACAGTCTCCTGCTTCCTTAGCTGTATCTCTGGGGCAGAGGGCCACCATCTCATGCAGGGCCAGCCAAAGTGTCAGTATATCTAGCTATAATTGTATGCACTGGTACCAACAGAAACCAGGACAGCCACCCAAACTCCTCATCAAGTATGCATCCAACCTAGAATCTGGGGGCCCTGCCAGGTTCAGTGGCAGTGGGTCTGGGACAGACTTCACCCTCAACATCCATCCTGTGGAGGAGGAGGATACTGCAACATATTACTGTCAGCACAGTTGGGAGATTCCGTGGACGTTCGGTGGAGGCACCAAGCTGGAAATCAAACGGGCTGATGCTGCACCAACTGTATCCATCTTCCCACCATCCAGTGAGCAGTTAACATCTGGAGGTGCCTCAGTCGTGTGCTTC	F	T	IGKV3-7*02		IGKJ1*01	GACATTGTGTTGACACAGTCTCCTGCTTCCTTAGCTGTATCTCTGGGGCAGAGGGCCACCATCTCATGCAGGGCCAGCCAAAGTGTCAGTATA......TCTAGCTATAATTGTATGCACTGGTACCAACAGAAACCAGGACAGCCACCCAAACTCCTCATCAAGTATGCA.....................TCCAACCTAGAATCTGGGGGCCCT...GCCAGGTTCAGTGGCAGTGGG......TCTGGGACAGACTTCACCCTCAACATCCATCCTGTGGAGGAGGAGGATACTGCAACATATTACTGTCAGCACAGTTGGGAGATTCCGTGGACGTTCGGTGGAGGCACCAAGCTGGAAATCAAAC	GACATTGTGCTGACACAGTCTCCTGCTTCCTTAGCTGTATCTCTGGGGCAGAGGGCCACCATCTCATGCAGGGCCAGCCAAAGTGTCAGTACA......TCTAGCTATAGTTATATGCACTGGTACCAACAGAAACCAGGACAGCCACCCAAACTCCTCATCAAGTATGCA.....................TCCAACCTAGAATCTGGGGTCCCT...GCCAGGTTCAGTGGCAGTGGG......TCTGGGACAGACTTCACCCTCAACATCCATCCTGTGGAGGAGGAGGATACTGCAACATATTACTGTCAGCACAGTTGGGAGATTCCGTGGACGTTCGGTGGAGGCACCAAGCTGGAAATCAAAC	TGTCAGCACAGTTGGGAGATTCCGTGGACGTTC	CQHSWEIPWTF	88S9=1X81=1X11=1X2=1X77=1X111=		384S38=	F	T	IGK	IGKC	33	0		89	384	1	332					385	422	1	38	447.0	0.98311	1.66e-127				73.7	1.0	3.05e-17	GACATTGTGTTGACACAGTCTCCTGCTTCCTTAGCTGTATCTCTGGGGCAGAGGGCCACCATCTCATGCAGGGCCAGC	ATGCACTGGTACCAACAGAAACCAGGACAGCCACCCAAACTCCTCATCAAG	AACCTAGAATCTGGGGGCCCT...GCCAGGTTCAGTGGCAGTGGG......TCTGGGACAGACTTCACCCTCAACATCCATCCTGTGGAGGAGGAGGATACTGCAACATATTACTGT	TTCGGTGGAGGCACCAAGCTGGAAATCAAAC	CAAAGTGTCAGTATA......TCTAGCTATAATTGT	TATGCA.....................TCC	CAGCACAGTTGGGAGATTCCGTGGACG	homotypic_GGGTTCCCACATAATT	27434	79	IGKV3-7		IGKJ1	TGTCAGCACAGTTGGGAGATTCCGTGGACGTTC	CQHSWEIPWTF	3.05e-17	73.7	IGKJ1*01	IGKJ1*01	100.0	38	0	0	385	422	1	38	1.62e-16	71.3	GTGGACGTTCGGTGGAGGCACCAAGCTGGAAATCAAAC	GTGGACGTTCGGTGGAGGCACCAAGCTGGAAATCAAAC																			GAAATTGTAATGACACAGTCTCCACCCACCCTGTCTTTGTCTCCAGGGGAAAGAGTCACCCTCTCCTGCAGGGCCAGTCAGAGTGTTAGC...............AGCAGCTACTTATCCTGGTACCAGCAGAAACCTGGGCAGGCTCCCAGGCTCCTCATCTATGGTGCA.....................TCCACCAGGGCCACTGGCATCCCA...GCCAGGTTCAGTGGCAGTGGG......TCTGGGACAGACTTCACTCTCACCATCAGCAGCCTGCAGCCTGAAGATTTTGCAGTTTATTACTGTCAGCAGGATTATAACTTACCGTGGACGTTCGGCCAAGGGACCAAGGTGGAAATCAAAC
homotypic_GTACGGTTCATGGTAT_contig_1	TGGGGATCCTCTCTTCTAGCTCTCAGAGATGGAGACAGACACACTCCTGCTATGGGTGCTGCTGCTCTGGGTTCCAGGTTCCACTGGTGACATTGTGCTGACACAGTCTCCTGCTTCCTTAGCTGTATCTCTGGGGCAGAGGGCCACCATCTCATGCAGGGCCAGCCAAAGTGTCAGTACATCTATCTATAATTATATGCACTGGTACCAACAGAAGCCAGGACAGCCACCCAAACTCCTCATCAAGTTTGCATCCATCCTAGATTCTGGGGTCCCTACCAGGTTCAGTGGCAGTGGGTCTGGGACAGACTTCACCCTCAACATCCATCCTGTGGAGGAGGAGGATACTGCAACATATTACTGTCAGCACACTTGGGAGATTCCGTACACGTTCGGAGGGGGGACCCAGCTGGAAATAAAACGGGCTGATGCTGCACCAACTGTATCCATCTTCCCACCATCCAGTGAGCAGTTAACATCTGGAGGTGCCTCAGTCGTGTGCTTC	F	T	IGKV3-7*02		IGKJ2*01	GACATTGTGCTGACACAGTCTCCTGCTTCCTTAGCTGTATCTCTGGGGCAGAGGGCCACCATCTCATGCAGGGCCAGCCAAAGTGTCAGTACA......TCTATCTATAATTATATGCACTGGTACCAACAGAAGCCAGGACAGCCACCCAAACTCCTCATCAAGTTTGCA.....................TCCATCCTAGATTCTGGGGTCCCT...ACCAGGTTCAGTGGCAGTGGG......TCTGGGACAGACTTCACCCTCAACATCCATCCTGTGGAGGAGGAGGATACTGCAACATATTACTGTCAGCACACTTGGGAGATTCCGTACACGTTCGGAGGGGGGACCCAGCTGGAAATAAAAC	GACATTGTGCTGACACAGTCTCCTGCTTCCTTAGCTGTATCTCTGGGGCAGAGGGCCACCATCTCATGCAGGGCCAGCCAAAGTGTCAGTACA......TCTAGCTATAGTTATATGCACTGGTACCAACAGAAACCAGGACAGCCACCCAAACTCCTCATCAAGTATGCA.....................TCCAACCTAGAATCTGGGGTCCCT...GCCAGGTTCAGTGGCAGTGGG......TCTGGGACAGACTTCACCCTCAACATCCATCCTGTGGAGGAGGAGGATACTGCAACATATTACTGTCAGCACAGTTGGGAGATTCCGTACACGTTCGGAGGGGGGACCAAGCTGGAAATAAAAC	TGTCAGCACACTTGGGAGATTCCGTACACGTTC	CQHTWEIPYTF	88S97=1X5=1X24=1X31=1X8=1X6=1X12=1X93=1X12=		384S1N22=1X15=	F	T	IGK	IGKC	33	0		89	384	1	332					385	422	2	39	438.0	0.97297	1.0800000000000001e-124				68.0	0.97368	1.66e-15	GACATTGTGCTGACACAGTCTCCTGCTTCCTTAGCTGTATCTCTGGGGCAGAGGGCCACCATCTCATGCAGGGCCAGC	ATGCACTGGTACCAACAGAAGCCAGGACAGCCACCCAAACTCCTCATCAAG	ATCCTAGATTCTGGGGTCCCT...ACCAGGTTCAGTGGCAGTGGG......TCTGGGACAGACTTCACCCTCAACATCCATCCTGTGGAGGAGGAGGATACTGCAACATATTACTGT	TTCGGAGGGGGGACCCAGCTGGAAATAAAAC	CAAAGTGTCAGTACA......TCTATCTATAATTAT	TTTGCA.....................TCC	CAGCACACTTGGGAGATTCCGTACACG	homotypic_GTACGGTTCATGGTAT	46049	115	IGKV3-7		IGKJ2	TGTCAGCACACTTGGGAGATTCCGTACACGTTC	CQHTWEIPYTF	1.66e-15	68.0	IGKJ2*01	IGKJ2*01	97.368	38	1	0	385	422	2	39	7.54e-15	65.8	GTACACGTTCGGAGGGGGGACCCAGCTGGAAATAAAAC	GTACACGTTCGGAGGGGGGACCAAGCTGGAAATAAAAC																			GAAATTGTAATGACACAGTCTCCACCCACCCTGTCTTTGTCTCCAGGGGAAAGAGTCACCCTCTCCTGCAGGGCCAGTCAGAGTGTTAGC...............AGCAGCTACTTATCCTGGTACCAGCAGAAACCTGGGCAGGCTCCCAGGCTCCTCATCTATGGTGCA.....................TCCACCAGGGCCACTGGCATCCCA...GCCAGGTTCAGTGGCAGTGGG......TCTGGGACAGACTTCACTCTCACCATCAGCAGCCTGCAGCCTGAAGATTTTGCAGTTTATTACTGTCAGCAGGATTATAACTTACCGTACACTTTTGGCCAGGGGACCAAGCTGGAGATCAAAC
homotypic_GTATAGGCACTACTCC_contig_1	TGGGGGCCAGGAAGCTAAGAAGCATCCTCTCTTCTAGCTCTCAGAGATGGAGACAGACACACTCCTGCTATGGGTGCTGCTGCTCTGGGTTCCAGGTTCCACTGGTGACATTGTGCTGACACAGTCTCCTGCTTCCTTAGCTGTATCTCTGGGGCAGAGGGCCACCATCTCATGCAGGGCCAGCCAAAGTGTCAGTACATCTAGCTATAGTTATATACACTGGTACCAACAGAAACCAGGACAGCCACCCAAACTCCTCATTAAGTATGCATCCAACCCAGAATCTGGGGTCCCTGCCAGGTTCAGTGGCAGTGGGTCTGGGACAGACTTCACCCTCAACATCCATCCTGTGGAGGAGGAGGATACTGCAACATATTACTGTCAGCACAGTTGGGAGATTCCGTACACGTTCGGAGGGGGGACCAAGCTGGAAATAAAACGGGCTGATGCTGCACCAACTGTATCCATCTTCCCACCATCCAGTGAGCAGTTAACATCTGGAGGTGCCTCAGTCGTGTGCTTC	F	T	IGKV3-7*02		IGKJ2*01	GACATTGTGCTGACACAGTCTCCTGCTTCCTTAGCTGTATCTCTGGGGCAGAGGGCCACCATCTCATGCAGGGCCAGCCAAAGTGTCAGTACA......TCTAGCTATAGTTATATACACTGGTACCAACAGAAACCAGGACAGCCACCCAAACTCCTCATTAAGTATGCA.....................TCCAACCCAGAATCTGGGGTCCCT...GCCAGGTTCAGTGGCAGTGGG......TCTGGGACAGACTTCACCCTCAACATCCATCCTGTGGAGGAGGAGGATACTGCAACATATTACTGTCAGCACAGTTGGGAGATTCCGTACACGTTCGGAGGGGGGACCAAGCTGGAAATAAAAC	GACATTGTGCTGACACAGTCTCCTGCTTCCTTAGCTGTATCTCTGGGGCAGAGGGCCACCATCTCATGCAGGGCCAGCCAAAGTGTCAGTACA......TCTAGCTATAGTTATATGCACTGGTACCAACAGAAACCAGGACAGCCACCCAAACTCCTCATCAAGTATGCA.....................TCCAACCTAGAATCTGGGGTCCCT...GCCAGGTTCAGTGGCAGTGGG......TCTGGGACAGACTTCACCCTCAACATCCATCCTGTGGAGGAGGAGGATACTGCAACATATTACTGTCAGCACAGTTGGGAGATTCCGTACACGTTCGGAGGGGGGACCAAGCTGGAAATAAAAC	TGTCAGCACAGTTGGGAGATTCCGTACACGTTC	CQHSWEIPYTF	106S110=1X44=1X16=1X123=		402S1N38=	F	T	IGK	IGKC	33	0		107	402	1	332					403	440	2	39	453.0	0.98986	2.290000000000001e-129				73.7	1.0	3.16e-17	GACATTGTGCTGACACAGTCTCCTGCTTCCTTAGCTGTATCTCTGGGGCAGAGGGCCACCATCTCATGCAGGGCCAGC	ATACACTGGTACCAACAGAAACCAGGACAGCCACCCAAACTCCTCATTAAG	AACCCAGAATCTGGGGTCCCT...GCCAGGTTCAGTGGCAGTGGG......TCTGGGACAGACTTCACCCTCAACATCCATCCTGTGGAGGAGGAGGATACTGCAACATATTACTGT	TTCGGAGGGGGGACCAAGCTGGAAATAAAAC	CAAAGTGTCAGTACA......TCTAGCTATAGTTAT	TATGCA.....................TCC	CAGCACAGTTGGGAGATTCCGTACACG	homotypic_GTATAGGCACTACTCC	14800	29	IGKV3-7		IGKJ2	TGTCAGCACAGTTGGGAGATTCCGTACACGTTC	CQHSWEIPYTF	3.16e-17	73.7	IGKJ2*01	IGKJ2*01	100.0	38	0	0	403	440	2	39	1.68e-16	71.3	GTACACGTTCGGAGGGGGGACCAAGCTGGAAATAAAAC	GTACACGTTCGGAGGGGGGACCAAGCTGGAAATAAAAC																			GAAATTGTAATGACACAGTCTCCACCCACCCTGTCTTTGTCTCCAGGGGAAAGAGTCACCCTCTCCTGCAGGGCCAGTCAGAGTGTTAGC...............AGCAGCTACTTATCCTGGTACCAGCAGAAACCTGGGCAGGCTCCCAGGCTCCTCATCTATGGTGCA.....................TCCACCAGGGCCACTGGCATCCCA...GCCAGGTTCAGTGGCAGTGGG......TCTGGGACAGACTTCACTCTCACCATCAGCAGCCTGCAGCCTGAAGATTTTGCAGTTTATTACTGTCAGCAGGATTATAACTTACCGTACACTTTTGGCCAGGGGACCAAGCTGGAGATCAAAC
